asin,amazon_url
0394800761,https://www.amazon.com/dp/0394800761
0060256672,https://www.amazon.com/dp/0060256672
0307157857,https://www.amazon.com/dp/0307157857
0778801314,https://www.amazon.com/dp/0778801314
0694003611,https://www.amazon.com/dp/0694003611
1433502410,https://www.amazon.com/dp/1433502410
0375822666,https://www.amazon.com/dp/0375822666
0312663153,https://www.amazon.com/dp/0312663153
0394800168,https://www.amazon.com/dp/0394800168
1416968296,https://www.amazon.com/dp/1416968296
0060256656,https://www.amazon.com/dp/0060256656
0811826023,https://www.amazon.com/dp/0811826023
0375813616,https://www.amazon.com/dp/0375813616
0718003594,https://www.amazon.com/dp/0718003594
0060245867,https://www.amazon.com/dp/0060245867
0451526341,https://www.amazon.com/dp/0451526341
0671449028,https://www.amazon.com/dp/0671449028
0920668372,https://www.amazon.com/dp/0920668372
0375851569,https://www.amazon.com/dp/0375851569
067144901X,https://www.amazon.com/dp/067144901X
0807508543,https://www.amazon.com/dp/0807508543
1591451884,https://www.amazon.com/dp/1591451884
0440414806,https://www.amazon.com/dp/0440414806
0439845009,https://www.amazon.com/dp/0439845009
0307010856,https://www.amazon.com/dp/0307010856
1578563232,https://www.amazon.com/dp/1578563232
0843100591,https://www.amazon.com/dp/0843100591
0394800133,https://www.amazon.com/dp/0394800133
0671631985,https://www.amazon.com/dp/0671631985
0812968255,https://www.amazon.com/dp/0812968255
0060254920,https://www.amazon.com/dp/0060254920
0679734503,https://www.amazon.com/dp/0679734503
0060935464,https://www.amazon.com/dp/0060935464
0312367546,https://www.amazon.com/dp/0312367546
0792289897,https://www.amazon.com/dp/0792289897
0805047905,https://www.amazon.com/dp/0805047905
0786838655,https://www.amazon.com/dp/0786838655
0310708257,https://www.amazon.com/dp/0310708257
0316769177,https://www.amazon.com/dp/0316769177
1402243057,https://www.amazon.com/dp/1402243057
0399231099,https://www.amazon.com/dp/0399231099
0670867330,https://www.amazon.com/dp/0670867330
0811864952,https://www.amazon.com/dp/0811864952
0064442462,https://www.amazon.com/dp/0064442462
0887432719,https://www.amazon.com/dp/0887432719
1426307934,https://www.amazon.com/dp/1426307934
1416936475,https://www.amazon.com/dp/1416936475
141273486X,https://www.amazon.com/dp/141273486X
1439195269,https://www.amazon.com/dp/1439195269
0679728759,https://www.amazon.com/dp/0679728759
0141439556,https://www.amazon.com/dp/0141439556
0805092447,https://www.amazon.com/dp/0805092447
1558585362,https://www.amazon.com/dp/1558585362
0060959479,https://www.amazon.com/dp/0060959479
0060652926,https://www.amazon.com/dp/0060652926
0060652934,https://www.amazon.com/dp/0060652934
0380807343,https://www.amazon.com/dp/0380807343
0064400557,https://www.amazon.com/dp/0064400557
0140449264,https://www.amazon.com/dp/0140449264
0375703764,https://www.amazon.com/dp/0375703764
0545261244,https://www.amazon.com/dp/0545261244
0805053883,https://www.amazon.com/dp/0805053883
0060837020,https://www.amazon.com/dp/0060837020
4861522471,https://www.amazon.com/dp/4861522471
1591846447,https://www.amazon.com/dp/1591846447
0399208534,https://www.amazon.com/dp/0399208534
0142004235,https://www.amazon.com/dp/0142004235
0399240462,https://www.amazon.com/dp/0399240462
1585429139,https://www.amazon.com/dp/1585429139
1400031702,https://www.amazon.com/dp/1400031702
0380709244,https://www.amazon.com/dp/0380709244
0061935166,https://www.amazon.com/dp/0061935166
0307960382,https://www.amazon.com/dp/0307960382
0452262933,https://www.amazon.com/dp/0452262933
1604332379,https://www.amazon.com/dp/1604332379
1451673310,https://www.amazon.com/dp/1451673310
160774273X,https://www.amazon.com/dp/160774273X
1596360224,https://www.amazon.com/dp/1596360224
1451627297,https://www.amazon.com/dp/1451627297
1442450703,https://www.amazon.com/dp/1442450703
0545231493,https://www.amazon.com/dp/0545231493
0803736800,https://www.amazon.com/dp/0803736800
0553386697,https://www.amazon.com/dp/0553386697
0062060627,https://www.amazon.com/dp/0062060627
1401938094,https://www.amazon.com/dp/1401938094
1450805752,https://www.amazon.com/dp/1450805752
0374360979,https://www.amazon.com/dp/0374360979
0310727472,https://www.amazon.com/dp/0310727472
0544174224,https://www.amazon.com/dp/0544174224
1442498323,https://www.amazon.com/dp/1442498323
1450845800,https://www.amazon.com/dp/1450845800
0736431411,https://www.amazon.com/dp/0736431411
076790592X,https://www.amazon.com/dp/076790592X
0374500010,https://www.amazon.com/dp/0374500010
0451524934,https://www.amazon.com/dp/0451524934
0544336267,https://www.amazon.com/dp/0544336267
1621365484,https://www.amazon.com/dp/1621365484
0544320417,https://www.amazon.com/dp/0544320417
0060850523,https://www.amazon.com/dp/0060850523
1476753180,https://www.amazon.com/dp/1476753180
0345522184,https://www.amazon.com/dp/0345522184
038538369X,https://www.amazon.com/dp/038538369X
0062315005,https://www.amazon.com/dp/0062315005
0451469801,https://www.amazon.com/dp/0451469801
0787960756,https://www.amazon.com/dp/0787960756
0761181504,https://www.amazon.com/dp/0761181504
1450862772,https://www.amazon.com/dp/1450862772
1477810544,https://www.amazon.com/dp/1477810544
034553980X,https://www.amazon.com/dp/034553980X
0736962131,https://www.amazon.com/dp/0736962131
0062334204,https://www.amazon.com/dp/0062334204
0062367145,https://www.amazon.com/dp/0062367145
0544445783,https://www.amazon.com/dp/0544445783
0451470796,https://www.amazon.com/dp/0451470796
0553447718,https://www.amazon.com/dp/0553447718
0451474570,https://www.amazon.com/dp/0451474570
0985411422,https://www.amazon.com/dp/0985411422
080241270X,https://www.amazon.com/dp/080241270X
0545790352,https://www.amazon.com/dp/0545790352
0465062881,https://www.amazon.com/dp/0465062881
0545688981,https://www.amazon.com/dp/0545688981
0143127748,https://www.amazon.com/dp/0143127748
1433548372,https://www.amazon.com/dp/1433548372
038549081X,https://www.amazon.com/dp/038549081X
0061906220,https://www.amazon.com/dp/0061906220
0345539834,https://www.amazon.com/dp/0345539834
0307387895,https://www.amazon.com/dp/0307387895
0399501487,https://www.amazon.com/dp/0399501487
0545162076,https://www.amazon.com/dp/0545162076
0375842209,https://www.amazon.com/dp/0375842209
1416958967,https://www.amazon.com/dp/1416958967
0807014273,https://www.amazon.com/dp/0807014273
081298840X,https://www.amazon.com/dp/081298840X
1626251703,https://www.amazon.com/dp/1626251703
0385376715,https://www.amazon.com/dp/0385376715
1426320965,https://www.amazon.com/dp/1426320965
0312510780,https://www.amazon.com/dp/0312510780
0803741715,https://www.amazon.com/dp/0803741715
0399226907,https://www.amazon.com/dp/0399226907
0679805273,https://www.amazon.com/dp/0679805273
0140280197,https://www.amazon.com/dp/0140280197
1577314808,https://www.amazon.com/dp/1577314808
0553508784,https://www.amazon.com/dp/0553508784
0399255370,https://www.amazon.com/dp/0399255370
1572245379,https://www.amazon.com/dp/1572245379
0345538374,https://www.amazon.com/dp/0345538374
0439023521,https://www.amazon.com/dp/0439023521
014240733X,https://www.amazon.com/dp/014240733X
0545392551,https://www.amazon.com/dp/0545392551
1585424331,https://www.amazon.com/dp/1585424331
0545855721,https://www.amazon.com/dp/0545855721
0544580141,https://www.amazon.com/dp/0544580141
080101526X,https://www.amazon.com/dp/080101526X
0062397346,https://www.amazon.com/dp/0062397346
0804172706,https://www.amazon.com/dp/0804172706
1878257536,https://www.amazon.com/dp/1878257536
0062407805,https://www.amazon.com/dp/0062407805
0553520571,https://www.amazon.com/dp/0553520571
0310750628,https://www.amazon.com/dp/0310750628
0544824385,https://www.amazon.com/dp/0544824385
1250080401,https://www.amazon.com/dp/1250080401
0978440749,https://www.amazon.com/dp/0978440749
0545791324,https://www.amazon.com/dp/0545791324
0761187480,https://www.amazon.com/dp/0761187480
1450882560,https://www.amazon.com/dp/1450882560
1450874770,https://www.amazon.com/dp/1450874770
1940352649,https://www.amazon.com/dp/1940352649
0345539869,https://www.amazon.com/dp/0345539869
0735211736,https://www.amazon.com/dp/0735211736
0062457713,https://www.amazon.com/dp/0062457713
1682612384,https://www.amazon.com/dp/1682612384
0762459816,https://www.amazon.com/dp/0762459816
0310749697,https://www.amazon.com/dp/0310749697
1680223186,https://www.amazon.com/dp/1680223186
1433554712,https://www.amazon.com/dp/1433554712
1623157536,https://www.amazon.com/dp/1623157536
0310345863,https://www.amazon.com/dp/0310345863
0062404520,https://www.amazon.com/dp/0062404520
031075013X,https://www.amazon.com/dp/031075013X
0143129252,https://www.amazon.com/dp/0143129252
1426216904,https://www.amazon.com/dp/1426216904
1631581481,https://www.amazon.com/dp/1631581481
1510704841,https://www.amazon.com/dp/1510704841
1943451524,https://www.amazon.com/dp/1943451524
045149492X,https://www.amazon.com/dp/045149492X
1589255518,https://www.amazon.com/dp/1589255518
0545688868,https://www.amazon.com/dp/0545688868
162315216X,https://www.amazon.com/dp/162315216X
0679891153,https://www.amazon.com/dp/0679891153
141694737X,https://www.amazon.com/dp/141694737X
1878424319,https://www.amazon.com/dp/1878424319
1455570249,https://www.amazon.com/dp/1455570249
1492646318,https://www.amazon.com/dp/1492646318
1622038320,https://www.amazon.com/dp/1622038320
1943200106,https://www.amazon.com/dp/1943200106
1452111731,https://www.amazon.com/dp/1452111731
0062499556,https://www.amazon.com/dp/0062499556
1476753830,https://www.amazon.com/dp/1476753830
168022770X,https://www.amazon.com/dp/168022770X
1938093682,https://www.amazon.com/dp/1938093682
0761193626,https://www.amazon.com/dp/0761193626
0310345871,https://www.amazon.com/dp/0310345871
1629797634,https://www.amazon.com/dp/1629797634
1629797626,https://www.amazon.com/dp/1629797626
160433696X,https://www.amazon.com/dp/160433696X
0143130722,https://www.amazon.com/dp/0143130722
0143131664,https://www.amazon.com/dp/0143131664
0804190119,https://www.amazon.com/dp/0804190119
1501173219,https://www.amazon.com/dp/1501173219
1101904240,https://www.amazon.com/dp/1101904240
0762462876,https://www.amazon.com/dp/0762462876
1523501227,https://www.amazon.com/dp/1523501227
0545791340,https://www.amazon.com/dp/0545791340
0374533555,https://www.amazon.com/dp/0374533555
1433613816,https://www.amazon.com/dp/1433613816
1623159040,https://www.amazon.com/dp/1623159040
1524714623,https://www.amazon.com/dp/1524714623
1524771031,https://www.amazon.com/dp/1524771031
1250144051,https://www.amazon.com/dp/1250144051
1680225391,https://www.amazon.com/dp/1680225391
0310448565,https://www.amazon.com/dp/0310448565
078521237X,https://www.amazon.com/dp/078521237X
069284838X,https://www.amazon.com/dp/069284838X
125015782X,https://www.amazon.com/dp/125015782X
1629798266,https://www.amazon.com/dp/1629798266
1546595902,https://www.amazon.com/dp/1546595902
1501161938,https://www.amazon.com/dp/1501161938
1623159954,https://www.amazon.com/dp/1623159954
0310351804,https://www.amazon.com/dp/0310351804
073522935X,https://www.amazon.com/dp/073522935X
1492658812,https://www.amazon.com/dp/1492658812
168052206X,https://www.amazon.com/dp/168052206X
125019623X,https://www.amazon.com/dp/125019623X
006282015X,https://www.amazon.com/dp/006282015X
149266247X,https://www.amazon.com/dp/149266247X
1338267221,https://www.amazon.com/dp/1338267221
1519120745,https://www.amazon.com/dp/1519120745
1684122589,https://www.amazon.com/dp/1684122589
153620014X,https://www.amazon.com/dp/153620014X
1462776639,https://www.amazon.com/dp/1462776639
1401953115,https://www.amazon.com/dp/1401953115
0375813659,https://www.amazon.com/dp/0375813659
076249168X,https://www.amazon.com/dp/076249168X
1338233556,https://www.amazon.com/dp/1338233556
1338233580,https://www.amazon.com/dp/1338233580
1101934743,https://www.amazon.com/dp/1101934743
0385741278,https://www.amazon.com/dp/0385741278
1501154656,https://www.amazon.com/dp/1501154656
1492670022,https://www.amazon.com/dp/1492670022
1633226247,https://www.amazon.com/dp/1633226247
1338283812,https://www.amazon.com/dp/1338283812
1627079009,https://www.amazon.com/dp/1627079009
1939754526,https://www.amazon.com/dp/1939754526
1452139113,https://www.amazon.com/dp/1452139113
1939754682,https://www.amazon.com/dp/1939754682
031648623X,https://www.amazon.com/dp/031648623X
168022588X,https://www.amazon.com/dp/168022588X
149267124X,https://www.amazon.com/dp/149267124X
1999914724,https://www.amazon.com/dp/1999914724
1492675377,https://www.amazon.com/dp/1492675377
0553537865,https://www.amazon.com/dp/0553537865
0312527594,https://www.amazon.com/dp/0312527594
B01F9Q5SW4,https://www.amazon.com/dp/B01F9Q5SW4
0735211299,https://www.amazon.com/dp/0735211299
0316556327,https://www.amazon.com/dp/0316556327
1680523201,https://www.amazon.com/dp/1680523201
1496412729,https://www.amazon.com/dp/1496412729
1523505745,https://www.amazon.com/dp/1523505745
0785215417,https://www.amazon.com/dp/0785215417
1523504676,https://www.amazon.com/dp/1523504676
031045042X,https://www.amazon.com/dp/031045042X
1452179611,https://www.amazon.com/dp/1452179611
1684372615,https://www.amazon.com/dp/1684372615
9387779319,https://www.amazon.com/dp/9387779319
1616207469,https://www.amazon.com/dp/1616207469
1680524232,https://www.amazon.com/dp/1680524232
1506711987,https://www.amazon.com/dp/1506711987
1492669733,https://www.amazon.com/dp/1492669733
1680524070,https://www.amazon.com/dp/1680524070
1506711995,https://www.amazon.com/dp/1506711995
1680524100,https://www.amazon.com/dp/1680524100
1680524151,https://www.amazon.com/dp/1680524151
1492680524,https://www.amazon.com/dp/1492680524
1523505095,https://www.amazon.com/dp/1523505095
1680524755,https://www.amazon.com/dp/1680524755
1492667838,https://www.amazon.com/dp/1492667838
1492667811,https://www.amazon.com/dp/1492667811
1640635335,https://www.amazon.com/dp/1640635335
9387779262,https://www.amazon.com/dp/9387779262
1338236598,https://www.amazon.com/dp/1338236598
1640306730,https://www.amazon.com/dp/1640306730
1250229537,https://www.amazon.com/dp/1250229537
1684034582,https://www.amazon.com/dp/1684034582
1492677698,https://www.amazon.com/dp/1492677698
1450890598,https://www.amazon.com/dp/1450890598
132885213X,https://www.amazon.com/dp/132885213X
1506712002,https://www.amazon.com/dp/1506712002
0525577076,https://www.amazon.com/dp/0525577076
1641523379,https://www.amazon.com/dp/1641523379
1536210633,https://www.amazon.com/dp/1536210633
1426220138,https://www.amazon.com/dp/1426220138
1338332589,https://www.amazon.com/dp/1338332589
1535970995,https://www.amazon.com/dp/1535970995
0525653090,https://www.amazon.com/dp/0525653090
1484716418,https://www.amazon.com/dp/1484716418
152350675X,https://www.amazon.com/dp/152350675X
1941325823,https://www.amazon.com/dp/1941325823
1338323210,https://www.amazon.com/dp/1338323210
1640307419,https://www.amazon.com/dp/1640307419
1338603639,https://www.amazon.com/dp/1338603639
1982127791,https://www.amazon.com/dp/1982127791
0062976583,https://www.amazon.com/dp/0062976583
153621065X,https://www.amazon.com/dp/153621065X
125030170X,https://www.amazon.com/dp/125030170X
1542016428,https://www.amazon.com/dp/1542016428
1946873756,https://www.amazon.com/dp/1946873756
1070527718,https://www.amazon.com/dp/1070527718
1641524987,https://www.amazon.com/dp/1641524987
1449499554,https://www.amazon.com/dp/1449499554
143213096X,https://www.amazon.com/dp/143213096X
1641526378,https://www.amazon.com/dp/1641526378
1641526270,https://www.amazon.com/dp/1641526270
1680105892,https://www.amazon.com/dp/1680105892
1506715214,https://www.amazon.com/dp/1506715214
1081439793,https://www.amazon.com/dp/1081439793
1433561301,https://www.amazon.com/dp/1433561301
9388369696,https://www.amazon.com/dp/9388369696
125026717X,https://www.amazon.com/dp/125026717X
1982137274,https://www.amazon.com/dp/1982137274
1433566133,https://www.amazon.com/dp/1433566133
1728213746,https://www.amazon.com/dp/1728213746
0316477540,https://www.amazon.com/dp/0316477540
1913485056,https://www.amazon.com/dp/1913485056
059330151X,https://www.amazon.com/dp/059330151X
1913485048,https://www.amazon.com/dp/1913485048
1503751864,https://www.amazon.com/dp/1503751864
1728223555,https://www.amazon.com/dp/1728223555
1432131419,https://www.amazon.com/dp/1432131419
164152815X,https://www.amazon.com/dp/164152815X
1338535625,https://www.amazon.com/dp/1338535625
1982150920,https://www.amazon.com/dp/1982150920
143213311X,https://www.amazon.com/dp/143213311X
1523511176,https://www.amazon.com/dp/1523511176
1338596705,https://www.amazon.com/dp/1338596705
0857197681,https://www.amazon.com/dp/0857197681
0785233598,https://www.amazon.com/dp/0785233598
1635575567,https://www.amazon.com/dp/1635575567
1635575583,https://www.amazon.com/dp/1635575583
1635575605,https://www.amazon.com/dp/1635575605
1635575621,https://www.amazon.com/dp/1635575621
1947569503,https://www.amazon.com/dp/1947569503
1452180733,https://www.amazon.com/dp/1452180733
0525564233,https://www.amazon.com/dp/0525564233
1950968014,https://www.amazon.com/dp/1950968014
1988923182,https://www.amazon.com/dp/1988923182
0764237039,https://www.amazon.com/dp/0764237039
1680106635,https://www.amazon.com/dp/1680106635
0399591613,https://www.amazon.com/dp/0399591613
0718039874,https://www.amazon.com/dp/0718039874
1646114302,https://www.amazon.com/dp/1646114302
1680106643,https://www.amazon.com/dp/1680106643
1465499334,https://www.amazon.com/dp/1465499334
1640309969,https://www.amazon.com/dp/1640309969
1646118367,https://www.amazon.com/dp/1646118367
1949759229,https://www.amazon.com/dp/1949759229
1700813552,https://www.amazon.com/dp/1700813552
083077744X,https://www.amazon.com/dp/083077744X
1338680455,https://www.amazon.com/dp/1338680455
1728236207,https://www.amazon.com/dp/1728236207
1951356640,https://www.amazon.com/dp/1951356640
1400225264,https://www.amazon.com/dp/1400225264
1647397197,https://www.amazon.com/dp/1647397197
0578660636,https://www.amazon.com/dp/0578660636
0593224582,https://www.amazon.com/dp/0593224582
0358451221,https://www.amazon.com/dp/0358451221
1646114086,https://www.amazon.com/dp/1646114086
1635577020,https://www.amazon.com/dp/1635577020
1503755029,https://www.amazon.com/dp/1503755029
1728235847,https://www.amazon.com/dp/1728235847
1728235871,https://www.amazon.com/dp/1728235871
1789478871,https://www.amazon.com/dp/1789478871
1338741063,https://www.amazon.com/dp/1338741063
1338741039,https://www.amazon.com/dp/1338741039
1338741047,https://www.amazon.com/dp/1338741047
1338741055,https://www.amazon.com/dp/1338741055
1647397294,https://www.amazon.com/dp/1647397294
0593135202,https://www.amazon.com/dp/0593135202
1732241848,https://www.amazon.com/dp/1732241848
0358567092,https://www.amazon.com/dp/0358567092
1984806750,https://www.amazon.com/dp/1984806750
1680106651,https://www.amazon.com/dp/1680106651
1683646681,https://www.amazon.com/dp/1683646681
1250781752,https://www.amazon.com/dp/1250781752
1645585417,https://www.amazon.com/dp/1645585417
1645585433,https://www.amazon.com/dp/1645585433
178947888X,https://www.amazon.com/dp/178947888X
1644723344,https://www.amazon.com/dp/1644723344
1647398762,https://www.amazon.com/dp/1647398762
1400318130,https://www.amazon.com/dp/1400318130
1925973123,https://www.amazon.com/dp/1925973123
1644725088,https://www.amazon.com/dp/1644725088
0358561957,https://www.amazon.com/dp/0358561957
173309461X,https://www.amazon.com/dp/173309461X
1644549883,https://www.amazon.com/dp/1644549883
1645584992,https://www.amazon.com/dp/1645584992
1681473992,https://www.amazon.com/dp/1681473992
1338716530,https://www.amazon.com/dp/1338716530
1645585662,https://www.amazon.com/dp/1645585662
1648766595,https://www.amazon.com/dp/1648766595
1523515279,https://www.amazon.com/dp/1523515279
B08VCL1272,https://www.amazon.com/dp/B08VCL1272
1950968553,https://www.amazon.com/dp/1950968553
0593434382,https://www.amazon.com/dp/0593434382
1954839081,https://www.amazon.com/dp/1954839081
1638073546,https://www.amazon.com/dp/1638073546
1952592801,https://www.amazon.com/dp/1952592801
164558254X,https://www.amazon.com/dp/164558254X
0358439167,https://www.amazon.com/dp/0358439167
031629912X,https://www.amazon.com/dp/031629912X
1419749153,https://www.amazon.com/dp/1419749153
B08XZFWJGN,https://www.amazon.com/dp/B08XZFWJGN
1984898876,https://www.amazon.com/dp/1984898876
077831166X,https://www.amazon.com/dp/077831166X
B0915M5XXT,https://www.amazon.com/dp/B0915M5XXT
0593379373,https://www.amazon.com/dp/0593379373
164876259X,https://www.amazon.com/dp/164876259X
1338796879,https://www.amazon.com/dp/1338796879
1536220205,https://www.amazon.com/dp/1536220205
1984880985,https://www.amazon.com/dp/1984880985
0802158749,https://www.amazon.com/dp/0802158749
0310362938,https://www.amazon.com/dp/0310362938
1496458206,https://www.amazon.com/dp/1496458206
0593385691,https://www.amazon.com/dp/0593385691
1642723991,https://www.amazon.com/dp/1642723991
1542025605,https://www.amazon.com/dp/1542025605
1433557371,https://www.amazon.com/dp/1433557371
1646383362,https://www.amazon.com/dp/1646383362
1645178854,https://www.amazon.com/dp/1645178854
B097X5RFM8,https://www.amazon.com/dp/B097X5RFM8
1645587754,https://www.amazon.com/dp/1645587754
0593196929,https://www.amazon.com/dp/0593196929
B098WHPB3D,https://www.amazon.com/dp/B098WHPB3D
1638788286,https://www.amazon.com/dp/1638788286
B09CGGV8DX,https://www.amazon.com/dp/B09CGGV8DX
0764240323,https://www.amazon.com/dp/0764240323
0063204150,https://www.amazon.com/dp/0063204150
1945492600,https://www.amazon.com/dp/1945492600
B09GXDQ122,https://www.amazon.com/dp/B09GXDQ122
1538724731,https://www.amazon.com/dp/1538724731
B09JBQBN5D,https://www.amazon.com/dp/B09JBQBN5D
1635577993,https://www.amazon.com/dp/1635577993
1612681131,https://www.amazon.com/dp/1612681131
B09LB1QFP6,https://www.amazon.com/dp/B09LB1QFP6
0063159481,https://www.amazon.com/dp/0063159481
1534467637,https://www.amazon.com/dp/1534467637
1661264107,https://www.amazon.com/dp/1661264107
1079520015,https://www.amazon.com/dp/1079520015
4056212325,https://www.amazon.com/dp/4056212325
1523517751,https://www.amazon.com/dp/1523517751
1638781435,https://www.amazon.com/dp/1638781435
0593521900,https://www.amazon.com/dp/0593521900
1639730192,https://www.amazon.com/dp/1639730192
1338802062,https://www.amazon.com/dp/1338802062
1950968766,https://www.amazon.com/dp/1950968766
1400234581,https://www.amazon.com/dp/1400234581
1954839367,https://www.amazon.com/dp/1954839367
0593138414,https://www.amazon.com/dp/0593138414
0593418573,https://www.amazon.com/dp/0593418573
141976294X,https://www.amazon.com/dp/141976294X
1516720008,https://www.amazon.com/dp/1516720008
1950968871,https://www.amazon.com/dp/1950968871
1401969925,https://www.amazon.com/dp/1401969925
B09WPP7R6S,https://www.amazon.com/dp/B09WPP7R6S
1665914351,https://www.amazon.com/dp/1665914351
1665924950,https://www.amazon.com/dp/1665924950
1250178614,https://www.amazon.com/dp/1250178614
0593652886,https://www.amazon.com/dp/0593652886
0593236599,https://www.amazon.com/dp/0593236599
0765387573,https://www.amazon.com/dp/0765387573
098971165X,https://www.amazon.com/dp/098971165X
1728276136,https://www.amazon.com/dp/1728276136
0593135229,https://www.amazon.com/dp/0593135229
1982186186,https://www.amazon.com/dp/1982186186
1524714755,https://www.amazon.com/dp/1524714755
0593651529,https://www.amazon.com/dp/0593651529
1952568404,https://www.amazon.com/dp/1952568404
B0B6XFT4RH,https://www.amazon.com/dp/B0B6XFT4RH
1646384377,https://www.amazon.com/dp/1646384377
1639731059,https://www.amazon.com/dp/1639731059
1639731091,https://www.amazon.com/dp/1639731091
1685392369,https://www.amazon.com/dp/1685392369
1639730974,https://www.amazon.com/dp/1639730974
1338801910,https://www.amazon.com/dp/1338801910
0063204169,https://www.amazon.com/dp/0063204169
1338878921,https://www.amazon.com/dp/1338878921
1639730958,https://www.amazon.com/dp/1639730958
1538742578,https://www.amazon.com/dp/1538742578
1639730990,https://www.amazon.com/dp/1639730990
1639731032,https://www.amazon.com/dp/1639731032
1639731075,https://www.amazon.com/dp/1639731075
1639731016,https://www.amazon.com/dp/1639731016
1368098045,https://www.amazon.com/dp/1368098045
1250892317,https://www.amazon.com/dp/1250892317
B0BCZLDJN4,https://www.amazon.com/dp/B0BCZLDJN4
1728274869,https://www.amazon.com/dp/1728274869
0593658361,https://www.amazon.com/dp/0593658361
B0BGGM9SGY,https://www.amazon.com/dp/B0BGGM9SGY
059333650X,https://www.amazon.com/dp/059333650X
B0BFV6D5FB,https://www.amazon.com/dp/B0BFV6D5FB
1523519363,https://www.amazon.com/dp/1523519363
1982141174,https://www.amazon.com/dp/1982141174
1648450911,https://www.amazon.com/dp/1648450911
1400336708,https://www.amazon.com/dp/1400336708
1728276373,https://www.amazon.com/dp/1728276373
B0BMSZSBKL,https://www.amazon.com/dp/B0BMSZSBKL
078523683X,https://www.amazon.com/dp/078523683X
B0BNZFV25S,https://www.amazon.com/dp/B0BNZFV25S
1338815288,https://www.amazon.com/dp/1338815288
B09QF9K7J3,https://www.amazon.com/dp/B09QF9K7J3
1728274273,https://www.amazon.com/dp/1728274273
1501171356,https://www.amazon.com/dp/1501171356
0063251981,https://www.amazon.com/dp/0063251981
1424566460,https://www.amazon.com/dp/1424566460
B0BSBJM798,https://www.amazon.com/dp/B0BSBJM798
0593235525,https://www.amazon.com/dp/0593235525
0593193822,https://www.amazon.com/dp/0593193822
0525559493,https://www.amazon.com/dp/0525559493
1419766945,https://www.amazon.com/dp/1419766945
0063344270,https://www.amazon.com/dp/0063344270
9354407269,https://www.amazon.com/dp/9354407269
0593420322,https://www.amazon.com/dp/0593420322
1424566142,https://www.amazon.com/dp/1424566142
1454952776,https://www.amazon.com/dp/1454952776
1915833094,https://www.amazon.com/dp/1915833094
163973175X,https://www.amazon.com/dp/163973175X
1728270111,https://www.amazon.com/dp/1728270111
0349132615,https://www.amazon.com/dp/0349132615
B0BYYH4WKR,https://www.amazon.com/dp/B0BYYH4WKR
1339042657,https://www.amazon.com/dp/1339042657
1639621520,https://www.amazon.com/dp/1639621520
B0C2RH7K8N,https://www.amazon.com/dp/B0C2RH7K8N
0593752252,https://www.amazon.com/dp/0593752252
0593655036,https://www.amazon.com/dp/0593655036
1433592517,https://www.amazon.com/dp/1433592517
1250178630,https://www.amazon.com/dp/1250178630
1665954884,https://www.amazon.com/dp/1665954884
1638543305,https://www.amazon.com/dp/1638543305
172829620X,https://www.amazon.com/dp/172829620X
1728296188,https://www.amazon.com/dp/1728296188
172829617X,https://www.amazon.com/dp/172829617X
0877797471,https://www.amazon.com/dp/0877797471
1433592304,https://www.amazon.com/dp/1433592304
1960790196,https://www.amazon.com/dp/1960790196
0008609217,https://www.amazon.com/dp/0008609217
1728296161,https://www.amazon.com/dp/1728296161
1668023482,https://www.amazon.com/dp/1668023482
0385550367,https://www.amazon.com/dp/0385550367
B0C91KFHH7,https://www.amazon.com/dp/B0C91KFHH7
B0C3YXH7Z8,https://www.amazon.com/dp/B0C3YXH7Z8
1728296196,https://www.amazon.com/dp/1728296196
B0BXN1TLYB,https://www.amazon.com/dp/B0BXN1TLYB
1523524367,https://www.amazon.com/dp/1523524367
1400341884,https://www.amazon.com/dp/1400341884
0593690192,https://www.amazon.com/dp/0593690192
1496744977,https://www.amazon.com/dp/1496744977
0997567368,https://www.amazon.com/dp/0997567368
1954839499,https://www.amazon.com/dp/1954839499
1984862057,https://www.amazon.com/dp/1984862057
0593712641,https://www.amazon.com/dp/0593712641
059379625X,https://www.amazon.com/dp/059379625X
1949759628,https://www.amazon.com/dp/1949759628
1338896431,https://www.amazon.com/dp/1338896431
0063342707,https://www.amazon.com/dp/0063342707
1683372301,https://www.amazon.com/dp/1683372301
1728296218,https://www.amazon.com/dp/1728296218
1339028018,https://www.amazon.com/dp/1339028018
1728291925,https://www.amazon.com/dp/1728291925
1665955430,https://www.amazon.com/dp/1665955430
0593493125,https://www.amazon.com/dp/0593493125
1250899575,https://www.amazon.com/dp/1250899575
1433593181,https://www.amazon.com/dp/1433593181
B0CJCKGRW1,https://www.amazon.com/dp/B0CJCKGRW1
1464221138,https://www.amazon.com/dp/1464221138
B0CKCYXBQN,https://www.amazon.com/dp/B0CKCYXBQN
B0CKVLW15K,https://www.amazon.com/dp/B0CKVLW15K
1982179015,https://www.amazon.com/dp/1982179015
1915454255,https://www.amazon.com/dp/1915454255
0063306271,https://www.amazon.com/dp/0063306271
0593887913,https://www.amazon.com/dp/0593887913
B0CLKKDW2V,https://www.amazon.com/dp/B0CLKKDW2V
1959885146,https://www.amazon.com/dp/1959885146
140034252X,https://www.amazon.com/dp/140034252X
B0CNQ5X4Y1,https://www.amazon.com/dp/B0CNQ5X4Y1
1668065967,https://www.amazon.com/dp/1668065967
B0CQ5GL4Z4,https://www.amazon.com/dp/B0CQ5GL4Z4
0316581097,https://www.amazon.com/dp/0316581097
1538769255,https://www.amazon.com/dp/1538769255
1728296226,https://www.amazon.com/dp/1728296226
1958803871,https://www.amazon.com/dp/1958803871
0593581997,https://www.amazon.com/dp/0593581997
136810763X,https://www.amazon.com/dp/136810763X
1464226784,https://www.amazon.com/dp/1464226784
1419766953,https://www.amazon.com/dp/1419766953
1958803863,https://www.amazon.com/dp/1958803863
0063356724,https://www.amazon.com/dp/0063356724
B0CTGLNZWH,https://www.amazon.com/dp/B0CTGLNZWH
B0CTDHTSGS,https://www.amazon.com/dp/B0CTDHTSGS
1668009749,https://www.amazon.com/dp/1668009749
0008610746,https://www.amazon.com/dp/0008610746
1915454271,https://www.amazon.com/dp/1915454271
1464229899,https://www.amazon.com/dp/1464229899
1454952717,https://www.amazon.com/dp/1454952717
1546129952,https://www.amazon.com/dp/1546129952
B0CXB9RDMT,https://www.amazon.com/dp/B0CXB9RDMT
1649374186,https://www.amazon.com/dp/1649374186
1649377150,https://www.amazon.com/dp/1649377150
0593820266,https://www.amazon.com/dp/0593820266
1961737183,https://www.amazon.com/dp/1961737183
0593232577,https://www.amazon.com/dp/0593232577
0593139151,https://www.amazon.com/dp/0593139151
B0CY9KG543,https://www.amazon.com/dp/B0CY9KG543
191545428X,https://www.amazon.com/dp/191545428X
0063415801,https://www.amazon.com/dp/0063415801
1339001233,https://www.amazon.com/dp/1339001233
B0CZQF7JCW,https://www.amazon.com/dp/B0CZQF7JCW
1250827957,https://www.amazon.com/dp/1250827957
1648451217,https://www.amazon.com/dp/1648451217
1464230153,https://www.amazon.com/dp/1464230153
0593820282,https://www.amazon.com/dp/0593820282
059382024X,https://www.amazon.com/dp/059382024X
B0D2MG1F8C,https://www.amazon.com/dp/B0D2MG1F8C
1638932239,https://www.amazon.com/dp/1638932239
B0D3CSPMZG,https://www.amazon.com/dp/B0D3CSPMZG
B0D3M48MG4,https://www.amazon.com/dp/B0D3M48MG4
0593898648,https://www.amazon.com/dp/0593898648
0593898621,https://www.amazon.com/dp/0593898621
B0D47VYQMY,https://www.amazon.com/dp/B0D47VYQMY
B0D4YLQRMP,https://www.amazon.com/dp/B0D4YLQRMP
B0D55MQN2R,https://www.amazon.com/dp/B0D55MQN2R
0593896882,https://www.amazon.com/dp/0593896882
0593896866,https://www.amazon.com/dp/0593896866
0593796535,https://www.amazon.com/dp/0593796535
B0D5HVSW5T,https://www.amazon.com/dp/B0D5HVSW5T
1338896458,https://www.amazon.com/dp/1338896458
0593312074,https://www.amazon.com/dp/0593312074
1665955465,https://www.amazon.com/dp/1665955465
1464227276,https://www.amazon.com/dp/1464227276
1546171460,https://www.amazon.com/dp/1546171460
0063387840,https://www.amazon.com/dp/0063387840
1630062928,https://www.amazon.com/dp/1630062928
B0D7VQXH9Y,https://www.amazon.com/dp/B0D7VQXH9Y
B0D7ZWLNKJ,https://www.amazon.com/dp/B0D7ZWLNKJ
166807818X,https://www.amazon.com/dp/166807818X
0593718720,https://www.amazon.com/dp/0593718720
1400344743,https://www.amazon.com/dp/1400344743
1464227322,https://www.amazon.com/dp/1464227322
1648451233,https://www.amazon.com/dp/1648451233
B0D943SQXV,https://www.amazon.com/dp/B0D943SQXV
B0D94546DX,https://www.amazon.com/dp/B0D94546DX
1961428202,https://www.amazon.com/dp/1961428202
1401971369,https://www.amazon.com/dp/1401971369
0063203901,https://www.amazon.com/dp/0063203901
B0D9TGNKKG,https://www.amazon.com/dp/B0D9TGNKKG
1503775224,https://www.amazon.com/dp/1503775224
B0DBYV1DMD,https://www.amazon.com/dp/B0DBYV1DMD
B0DBHTZQF1,https://www.amazon.com/dp/B0DBHTZQF1
B0DBZ7986Z,https://www.amazon.com/dp/B0DBZ7986Z
1649377371,https://www.amazon.com/dp/1649377371
0593158717,https://www.amazon.com/dp/0593158717
0593835956,https://www.amazon.com/dp/0593835956
1982112824,https://www.amazon.com/dp/1982112824
1954210566,https://www.amazon.com/dp/1954210566
0593734637,https://www.amazon.com/dp/0593734637
0593638913,https://www.amazon.com/dp/0593638913
0593798430,https://www.amazon.com/dp/0593798430
1923108395,https://www.amazon.com/dp/1923108395
0593833902,https://www.amazon.com/dp/0593833902
1538774194,https://www.amazon.com/dp/1538774194
0593492935,https://www.amazon.com/dp/0593492935
1952357586,https://www.amazon.com/dp/1952357586
0063435608,https://www.amazon.com/dp/0063435608
1335474730,https://www.amazon.com/dp/1335474730
059344129X,https://www.amazon.com/dp/059344129X
1394323468,https://www.amazon.com/dp/1394323468
B0DGKST9ZN,https://www.amazon.com/dp/B0DGKST9ZN
B0DGX7KCL5,https://www.amazon.com/dp/B0DGX7KCL5
1668006391,https://www.amazon.com/dp/1668006391
1538774704,https://www.amazon.com/dp/1538774704
1668095254,https://www.amazon.com/dp/1668095254
1335146989,https://www.amazon.com/dp/1335146989
0794851630,https://www.amazon.com/dp/0794851630
1250866782,https://www.amazon.com/dp/1250866782
1963317092,https://www.amazon.com/dp/1963317092
B0DJDTB4Z4,https://www.amazon.com/dp/B0DJDTB4Z4
1668036592,https://www.amazon.com/dp/1668036592
1638932255,https://www.amazon.com/dp/1638932255
1668066890,https://www.amazon.com/dp/1668066890
B0DJQVYV99,https://www.amazon.com/dp/B0DJQVYV99
0008728097,https://www.amazon.com/dp/0008728097
0738775290,https://www.amazon.com/dp/0738775290
0525556575,https://www.amazon.com/dp/0525556575
0738775312,https://www.amazon.com/dp/0738775312
0593955978,https://www.amazon.com/dp/0593955978
B0DL5SF36B,https://www.amazon.com/dp/B0DL5SF36B
B0DLBQ5DMP,https://www.amazon.com/dp/B0DLBQ5DMP
B0DLHLBK74,https://www.amazon.com/dp/B0DLHLBK74
1961793644,https://www.amazon.com/dp/1961793644
0593595033,https://www.amazon.com/dp/0593595033
B0DNCTFWLZ,https://www.amazon.com/dp/B0DNCTFWLZ
1668089335,https://www.amazon.com/dp/1668089335
1394335881,https://www.amazon.com/dp/1394335881
1339001292,https://www.amazon.com/dp/1339001292
B0DP27KQ61,https://www.amazon.com/dp/B0DP27KQ61
B0DP74YYNX,https://www.amazon.com/dp/B0DP74YYNX
1961793687,https://www.amazon.com/dp/1961793687
1464230161,https://www.amazon.com/dp/1464230161
1464227306,https://www.amazon.com/dp/1464227306
1538774224,https://www.amazon.com/dp/1538774224
1538774208,https://www.amazon.com/dp/1538774208
1250328179,https://www.amazon.com/dp/1250328179
0307700151,https://www.amazon.com/dp/0307700151
B0DPMY4MJP,https://www.amazon.com/dp/B0DPMY4MJP
0063430401,https://www.amazon.com/dp/0063430401
0593653254,https://www.amazon.com/dp/0593653254
1250288797,https://www.amazon.com/dp/1250288797
1338835653,https://www.amazon.com/dp/1338835653
1913484750,https://www.amazon.com/dp/1913484750
1464227314,https://www.amazon.com/dp/1464227314
B0DQJMVM59,https://www.amazon.com/dp/B0DQJMVM59
B0DQSHRG96,https://www.amazon.com/dp/B0DQSHRG96
1984857789,https://www.amazon.com/dp/1984857789
1464227284,https://www.amazon.com/dp/1464227284
0063203936,https://www.amazon.com/dp/0063203936
1799505251,https://www.amazon.com/dp/1799505251
0593972708,https://www.amazon.com/dp/0593972708
B0DSDN3M6D,https://www.amazon.com/dp/B0DSDN3M6D
146425141X,https://www.amazon.com/dp/146425141X
059379785X,https://www.amazon.com/dp/059379785X
0062200607,https://www.amazon.com/dp/0062200607
B0DSHQL2BW,https://www.amazon.com/dp/B0DSHQL2BW
1250408156,https://www.amazon.com/dp/1250408156
1524896780,https://www.amazon.com/dp/1524896780
1524898171,https://www.amazon.com/dp/1524898171
1546008438,https://www.amazon.com/dp/1546008438
031656785X,https://www.amazon.com/dp/031656785X
B0DSHQQ7HQ,https://www.amazon.com/dp/B0DSHQQ7HQ
0063428164,https://www.amazon.com/dp/0063428164
0528029290,https://www.amazon.com/dp/0528029290
006240668X,https://www.amazon.com/dp/006240668X
0593725840,https://www.amazon.com/dp/0593725840
B0DV4QY3PG,https://www.amazon.com/dp/B0DV4QY3PG
0063381303,https://www.amazon.com/dp/0063381303
1524897760,https://www.amazon.com/dp/1524897760
0593581962,https://www.amazon.com/dp/0593581962
0063360756,https://www.amazon.com/dp/0063360756
1974758540,https://www.amazon.com/dp/1974758540
0385546890,https://www.amazon.com/dp/0385546890
1324094648,https://www.amazon.com/dp/1324094648
0593800648,https://www.amazon.com/dp/0593800648
1649377576,https://www.amazon.com/dp/1649377576
059359729X,https://www.amazon.com/dp/059359729X
1668059436,https://www.amazon.com/dp/1668059436
1250374049,https://www.amazon.com/dp/1250374049
0593736583,https://www.amazon.com/dp/0593736583
0063423103,https://www.amazon.com/dp/0063423103
152352992X,https://www.amazon.com/dp/152352992X
1546008217,https://www.amazon.com/dp/1546008217
0063426285,https://www.amazon.com/dp/0063426285
0593804724,https://www.amazon.com/dp/0593804724
141978269X,https://www.amazon.com/dp/141978269X
1419785710,https://www.amazon.com/dp/1419785710
B0DWNGHBXC,https://www.amazon.com/dp/B0DWNGHBXC
1419785621,https://www.amazon.com/dp/1419785621
B0DWKPBP1B,https://www.amazon.com/dp/B0DWKPBP1B
1400256232,https://www.amazon.com/dp/1400256232
B0DXD5JSLL,https://www.amazon.com/dp/B0DXD5JSLL
0802165176,https://www.amazon.com/dp/0802165176
1546154418,https://www.amazon.com/dp/1546154418
0593296966,https://www.amazon.com/dp/0593296966
1984855743,https://www.amazon.com/dp/1984855743
1636415202,https://www.amazon.com/dp/1636415202
031656382X,https://www.amazon.com/dp/031656382X
1538757982,https://www.amazon.com/dp/1538757982
0316569569,https://www.amazon.com/dp/0316569569
B0DZ5FPM6L,https://www.amazon.com/dp/B0DZ5FPM6L
0063469731,https://www.amazon.com/dp/0063469731
0385548982,https://www.amazon.com/dp/0385548982
1400244412,https://www.amazon.com/dp/1400244412
1400345219,https://www.amazon.com/dp/1400345219
0063276631,https://www.amazon.com/dp/0063276631
0593871529,https://www.amazon.com/dp/0593871529
1982141239,https://www.amazon.com/dp/1982141239
1984826417,https://www.amazon.com/dp/1984826417
0593716620,https://www.amazon.com/dp/0593716620
1400349206,https://www.amazon.com/dp/1400349206
B0F2Z846J1,https://www.amazon.com/dp/B0F2Z846J1
1339001268,https://www.amazon.com/dp/1339001268
166808435X,https://www.amazon.com/dp/166808435X
1984862103,https://www.amazon.com/dp/1984862103
1662535643,https://www.amazon.com/dp/1662535643
0593994825,https://www.amazon.com/dp/0593994825
1668088649,https://www.amazon.com/dp/1668088649
B0F6LDTQSR,https://www.amazon.com/dp/B0F6LDTQSR
B0F74CH248,https://www.amazon.com/dp/B0F74CH248
1464260915,https://www.amazon.com/dp/1464260915
B0DXZ313C8,https://www.amazon.com/dp/B0DXZ313C8
0593800702,https://www.amazon.com/dp/0593800702
1546176187,https://www.amazon.com/dp/1546176187
1538775417,https://www.amazon.com/dp/1538775417
1967727082,https://www.amazon.com/dp/1967727082
1668211653,https://www.amazon.com/dp/1668211653
1668054272,https://www.amazon.com/dp/1668054272
146426225X,https://www.amazon.com/dp/146426225X
3982670632,https://www.amazon.com/dp/3982670632
1400354765,https://www.amazon.com/dp/1400354765
B0FD44XGYZ,https://www.amazon.com/dp/B0FD44XGYZ
B0FFZL58X1,https://www.amazon.com/dp/B0FFZL58X1
1764110803,https://www.amazon.com/dp/1764110803
0063489791,https://www.amazon.com/dp/0063489791
1668205874,https://www.amazon.com/dp/1668205874
1464267103,https://www.amazon.com/dp/1464267103
B0FLJVJKP6,https://www.amazon.com/dp/B0FLJVJKP6
1958237930,https://www.amazon.com/dp/1958237930
B0FPPV48PB,https://www.amazon.com/dp/B0FPPV48PB
1668236516,https://www.amazon.com/dp/1668236516
1735141666,https://www.amazon.com/dp/1735141666
1604382651,https://www.amazon.com/dp/1604382651
B0GC2FXJBT,https://www.amazon.com/dp/B0GC2FXJBT
B0GCNFB6R2,https://www.amazon.com/dp/B0GCNFB6R2
B0GFN2R2BQ,https://www.amazon.com/dp/B0GFN2R2BQ
B0GFN6FDPH,https://www.amazon.com/dp/B0GFN6FDPH
1616770783,https://www.amazon.com/dp/1616770783
067973452X,https://www.amazon.com/dp/067973452X
1616773022,https://www.amazon.com/dp/1616773022
0938256866,https://www.amazon.com/dp/0938256866
0486272982,https://www.amazon.com/dp/0486272982
187842436X,https://www.amazon.com/dp/187842436X
0385486804,https://www.amazon.com/dp/0385486804
0891079319,https://www.amazon.com/dp/0891079319
0141439475,https://www.amazon.com/dp/0141439475
1416995560,https://www.amazon.com/dp/1416995560
0141439572,https://www.amazon.com/dp/0141439572
0743234804,https://www.amazon.com/dp/0743234804
1567184855,https://www.amazon.com/dp/1567184855
0060652381,https://www.amazon.com/dp/0060652381
0767903692,https://www.amazon.com/dp/0767903692
0307120007,https://www.amazon.com/dp/0307120007
0881884995,https://www.amazon.com/dp/0881884995
0634038176,https://www.amazon.com/dp/0634038176
1893007162,https://www.amazon.com/dp/1893007162
0679778314,https://www.amazon.com/dp/0679778314
0064431789,https://www.amazon.com/dp/0064431789
1591451876,https://www.amazon.com/dp/1591451876
1589795474,https://www.amazon.com/dp/1589795474
1558580093,https://www.amazon.com/dp/1558580093
0142410314,https://www.amazon.com/dp/0142410314
1400078431,https://www.amazon.com/dp/1400078431
0142403873,https://www.amazon.com/dp/0142403873
0064471047,https://www.amazon.com/dp/0064471047
0385751532,https://www.amazon.com/dp/0385751532
1616770759,https://www.amazon.com/dp/1616770759
039480001X,https://www.amazon.com/dp/039480001X
0394800184,https://www.amazon.com/dp/0394800184
0842331743,https://www.amazon.com/dp/0842331743
0547237650,https://www.amazon.com/dp/0547237650
1440212953,https://www.amazon.com/dp/1440212953
0800794052,https://www.amazon.com/dp/0800794052
157542200X,https://www.amazon.com/dp/157542200X
0842379428,https://www.amazon.com/dp/0842379428
0064402754,https://www.amazon.com/dp/0064402754
0394823370,https://www.amazon.com/dp/0394823370
0061987514,https://www.amazon.com/dp/0061987514
0140449337,https://www.amazon.com/dp/0140449337
0399230033,https://www.amazon.com/dp/0399230033
0385333846,https://www.amazon.com/dp/0385333846
0689815816,https://www.amazon.com/dp/0689815816
0618706410,https://www.amazon.com/dp/0618706410
0553577123,https://www.amazon.com/dp/0553577123
0143039431,https://www.amazon.com/dp/0143039431
0142410373,https://www.amazon.com/dp/0142410373
0064401847,https://www.amazon.com/dp/0064401847
0310712556,https://www.amazon.com/dp/0310712556
0883681056,https://www.amazon.com/dp/0883681056
091386613X,https://www.amazon.com/dp/091386613X
067084487X,https://www.amazon.com/dp/067084487X
0385327218,https://www.amazon.com/dp/0385327218
0439042445,https://www.amazon.com/dp/0439042445
084313271X,https://www.amazon.com/dp/084313271X
0938256939,https://www.amazon.com/dp/0938256939
1423106865,https://www.amazon.com/dp/1423106865
0547577095,https://www.amazon.com/dp/0547577095
0064430170,https://www.amazon.com/dp/0064430170
144021395X,https://www.amazon.com/dp/144021395X
1400033411,https://www.amazon.com/dp/1400033411
0375856390,https://www.amazon.com/dp/0375856390
0448405202,https://www.amazon.com/dp/0448405202
0140177396,https://www.amazon.com/dp/0140177396
0439845025,https://www.amazon.com/dp/0439845025
0899420400,https://www.amazon.com/dp/0899420400
0141439513,https://www.amazon.com/dp/0141439513
0547577311,https://www.amazon.com/dp/0547577311
159448385X,https://www.amazon.com/dp/159448385X
0307989135,https://www.amazon.com/dp/0307989135
1401308589,https://www.amazon.com/dp/1401308589
044046126X,https://www.amazon.com/dp/044046126X
0670451495,https://www.amazon.com/dp/0670451495
0887245072,https://www.amazon.com/dp/0887245072
0375825533,https://www.amazon.com/dp/0375825533
0061246476,https://www.amazon.com/dp/0061246476
0375839410,https://www.amazon.com/dp/0375839410
B002M3SOZG,https://www.amazon.com/dp/B002M3SOZG
0394800389,https://www.amazon.com/dp/0394800389
0803718756,https://www.amazon.com/dp/0803718756
0060244054,https://www.amazon.com/dp/0060244054
0689711735,https://www.amazon.com/dp/0689711735
0920668364,https://www.amazon.com/dp/0920668364
0060266864,https://www.amazon.com/dp/0060266864
0307988295,https://www.amazon.com/dp/0307988295
0062073486,https://www.amazon.com/dp/0062073486
1426308469,https://www.amazon.com/dp/1426308469
0679891145,https://www.amazon.com/dp/0679891145
0399256059,https://www.amazon.com/dp/0399256059
0061124958,https://www.amazon.com/dp/0061124958
1421536250,https://www.amazon.com/dp/1421536250
0380698714,https://www.amazon.com/dp/0380698714
006117081X,https://www.amazon.com/dp/006117081X
0375706674,https://www.amazon.com/dp/0375706674
158925872X,https://www.amazon.com/dp/158925872X
0375863591,https://www.amazon.com/dp/0375863591
1416995595,https://www.amazon.com/dp/1416995595
0763657093,https://www.amazon.com/dp/0763657093
1936661837,https://www.amazon.com/dp/1936661837
0670014079,https://www.amazon.com/dp/0670014079
1402255446,https://www.amazon.com/dp/1402255446
0439567033,https://www.amazon.com/dp/0439567033
0062085506,https://www.amazon.com/dp/0062085506
048648243X,https://www.amazon.com/dp/048648243X
1612120059,https://www.amazon.com/dp/1612120059
1442402970,https://www.amazon.com/dp/1442402970
0763645257,https://www.amazon.com/dp/0763645257
0956932304,https://www.amazon.com/dp/0956932304
1400320119,https://www.amazon.com/dp/1400320119
0545586178,https://www.amazon.com/dp/0545586178
0062086286,https://www.amazon.com/dp/0062086286
1421561328,https://www.amazon.com/dp/1421561328
1250034140,https://www.amazon.com/dp/1250034140
0763648736,https://www.amazon.com/dp/0763648736
1594631875,https://www.amazon.com/dp/1594631875
0671027034,https://www.amazon.com/dp/0671027034
0143118242,https://www.amazon.com/dp/0143118242
0811877825,https://www.amazon.com/dp/0811877825
0061992275,https://www.amazon.com/dp/0061992275
1936891026,https://www.amazon.com/dp/1936891026
031033750X,https://www.amazon.com/dp/031033750X
0060899220,https://www.amazon.com/dp/0060899220
0736957499,https://www.amazon.com/dp/0736957499
1402287461,https://www.amazon.com/dp/1402287461
142319957X,https://www.amazon.com/dp/142319957X
1554537045,https://www.amazon.com/dp/1554537045
0756634687,https://www.amazon.com/dp/0756634687
1440579776,https://www.amazon.com/dp/1440579776
0143125702,https://www.amazon.com/dp/0143125702
0147514010,https://www.amazon.com/dp/0147514010
1607067722,https://www.amazon.com/dp/1607067722
1571313567,https://www.amazon.com/dp/1571313567
0761181814,https://www.amazon.com/dp/0761181814
0060883286,https://www.amazon.com/dp/0060883286
0062378074,https://www.amazon.com/dp/0062378074
0060775858,https://www.amazon.com/dp/0060775858
125007181X,https://www.amazon.com/dp/125007181X
1414381077,https://www.amazon.com/dp/1414381077
0062367153,https://www.amazon.com/dp/0062367153
1250076226,https://www.amazon.com/dp/1250076226
0553522779,https://www.amazon.com/dp/0553522779
0804172447,https://www.amazon.com/dp/0804172447
1936096862,https://www.amazon.com/dp/1936096862
0393081087,https://www.amazon.com/dp/0393081087
0062352156,https://www.amazon.com/dp/0062352156
1452126992,https://www.amazon.com/dp/1452126992
1634506987,https://www.amazon.com/dp/1634506987
0843182938,https://www.amazon.com/dp/0843182938
0312518994,https://www.amazon.com/dp/0312518994
0310745209,https://www.amazon.com/dp/0310745209
0385737955,https://www.amazon.com/dp/0385737955
0064440206,https://www.amazon.com/dp/0064440206
031250926X,https://www.amazon.com/dp/031250926X
0140268863,https://www.amazon.com/dp/0140268863
0785288244,https://www.amazon.com/dp/0785288244
1418541680,https://www.amazon.com/dp/1418541680
1400078776,https://www.amazon.com/dp/1400078776
0590353403,https://www.amazon.com/dp/0590353403
031611300X,https://www.amazon.com/dp/031611300X
1590171993,https://www.amazon.com/dp/1590171993
0399176136,https://www.amazon.com/dp/0399176136
1433688670,https://www.amazon.com/dp/1433688670
0544568052,https://www.amazon.com/dp/0544568052
0316586889,https://www.amazon.com/dp/0316586889
0679720200,https://www.amazon.com/dp/0679720200
1617750255,https://www.amazon.com/dp/1617750255
0345472322,https://www.amazon.com/dp/0345472322
0316118400,https://www.amazon.com/dp/0316118400
0345535529,https://www.amazon.com/dp/0345535529
054792822X,https://www.amazon.com/dp/054792822X
0553418025,https://www.amazon.com/dp/0553418025
1582701709,https://www.amazon.com/dp/1582701709
0394800206,https://www.amazon.com/dp/0394800206
0545663261,https://www.amazon.com/dp/0545663261
0671493183,https://www.amazon.com/dp/0671493183
0345538986,https://www.amazon.com/dp/0345538986
0307021343,https://www.amazon.com/dp/0307021343
0060572345,https://www.amazon.com/dp/0060572345
1422188612,https://www.amazon.com/dp/1422188612
0316017930,https://www.amazon.com/dp/0316017930
1476764662,https://www.amazon.com/dp/1476764662
1451696191,https://www.amazon.com/dp/1451696191
0545847303,https://www.amazon.com/dp/0545847303
0718042824,https://www.amazon.com/dp/0718042824
189200528X,https://www.amazon.com/dp/189200528X
1455539740,https://www.amazon.com/dp/1455539740
0877793328,https://www.amazon.com/dp/0877793328
0399539999,https://www.amazon.com/dp/0399539999
071804987X,https://www.amazon.com/dp/071804987X
1501110365,https://www.amazon.com/dp/1501110365
0448490056,https://www.amazon.com/dp/0448490056
0986366706,https://www.amazon.com/dp/0986366706
1484746694,https://www.amazon.com/dp/1484746694
1101884231,https://www.amazon.com/dp/1101884231
1771642483,https://www.amazon.com/dp/1771642483
0761160965,https://www.amazon.com/dp/0761160965
0062404261,https://www.amazon.com/dp/0062404261
0062409956,https://www.amazon.com/dp/0062409956
1492632643,https://www.amazon.com/dp/1492632643
1591848016,https://www.amazon.com/dp/1591848016
1611803438,https://www.amazon.com/dp/1611803438
1452150133,https://www.amazon.com/dp/1452150133
1449483186,https://www.amazon.com/dp/1449483186
1532902948,https://www.amazon.com/dp/1532902948
0525428887,https://www.amazon.com/dp/0525428887
0993070906,https://www.amazon.com/dp/0993070906
0312521065,https://www.amazon.com/dp/0312521065
1680521233,https://www.amazon.com/dp/1680521233
0062300555,https://www.amazon.com/dp/0062300555
0310441870,https://www.amazon.com/dp/0310441870
1338106449,https://www.amazon.com/dp/1338106449
1945056088,https://www.amazon.com/dp/1945056088
1601596626,https://www.amazon.com/dp/1601596626
0718086740,https://www.amazon.com/dp/0718086740
0066620996,https://www.amazon.com/dp/0066620996
006026683X,https://www.amazon.com/dp/006026683X
1580627560,https://www.amazon.com/dp/1580627560
159463193X,https://www.amazon.com/dp/159463193X
0393609391,https://www.amazon.com/dp/0393609391
1539660419,https://www.amazon.com/dp/1539660419
1589252330,https://www.amazon.com/dp/1589252330
0718097904,https://www.amazon.com/dp/0718097904
1623157900,https://www.amazon.com/dp/1623157900
1503711064,https://www.amazon.com/dp/1503711064
0399559515,https://www.amazon.com/dp/0399559515
1442402989,https://www.amazon.com/dp/1442402989
0761193081,https://www.amazon.com/dp/0761193081
1566957060,https://www.amazon.com/dp/1566957060
1432118129,https://www.amazon.com/dp/1432118129
1338193090,https://www.amazon.com/dp/1338193090
0062654195,https://www.amazon.com/dp/0062654195
1465462392,https://www.amazon.com/dp/1465462392
1623158575,https://www.amazon.com/dp/1623158575
1119404509,https://www.amazon.com/dp/1119404509
1680521470,https://www.amazon.com/dp/1680521470
1622039076,https://www.amazon.com/dp/1622039076
0375725601,https://www.amazon.com/dp/0375725601
0316382000,https://www.amazon.com/dp/0316382000
1433679590,https://www.amazon.com/dp/1433679590
1101980389,https://www.amazon.com/dp/1101980389
0143110438,https://www.amazon.com/dp/0143110438
1338161393,https://www.amazon.com/dp/1338161393
1680229001,https://www.amazon.com/dp/1680229001
1539952290,https://www.amazon.com/dp/1539952290
1524785997,https://www.amazon.com/dp/1524785997
1501182099,https://www.amazon.com/dp/1501182099
1524763993,https://www.amazon.com/dp/1524763993
1432117394,https://www.amazon.com/dp/1432117394
0718074874,https://www.amazon.com/dp/0718074874
0718075587,https://www.amazon.com/dp/0718075587
031044876X,https://www.amazon.com/dp/031044876X
0310448530,https://www.amazon.com/dp/0310448530
1455563927,https://www.amazon.com/dp/1455563927
1786030683,https://www.amazon.com/dp/1786030683
1683370260,https://www.amazon.com/dp/1683370260
076369777X,https://www.amazon.com/dp/076369777X
0545880831,https://www.amazon.com/dp/0545880831
150116077X,https://www.amazon.com/dp/150116077X
1101967676,https://www.amazon.com/dp/1101967676
8183227899,https://www.amazon.com/dp/8183227899
150720471X,https://www.amazon.com/dp/150720471X
0307742482,https://www.amazon.com/dp/0307742482
1250095263,https://www.amazon.com/dp/1250095263
1503723003,https://www.amazon.com/dp/1503723003
0692926437,https://www.amazon.com/dp/0692926437
0999034650,https://www.amazon.com/dp/0999034650
1338053809,https://www.amazon.com/dp/1338053809
1501173243,https://www.amazon.com/dp/1501173243
152350207X,https://www.amazon.com/dp/152350207X
152478589X,https://www.amazon.com/dp/152478589X
1534427031,https://www.amazon.com/dp/1534427031
0843125497,https://www.amazon.com/dp/0843125497
0736438785,https://www.amazon.com/dp/0736438785
0692927999,https://www.amazon.com/dp/0692927999
0310450780,https://www.amazon.com/dp/0310450780
1250181909,https://www.amazon.com/dp/1250181909
1534306862,https://www.amazon.com/dp/1534306862
153442850X,https://www.amazon.com/dp/153442850X
031045025X,https://www.amazon.com/dp/031045025X
1975838998,https://www.amazon.com/dp/1975838998
193975481X,https://www.amazon.com/dp/193975481X
0312527683,https://www.amazon.com/dp/0312527683
1501144324,https://www.amazon.com/dp/1501144324
1974700526,https://www.amazon.com/dp/1974700526
0399590072,https://www.amazon.com/dp/0399590072
1534433538,https://www.amazon.com/dp/1534433538
1974700534,https://www.amazon.com/dp/1974700534
1524788139,https://www.amazon.com/dp/1524788139
031631031X,https://www.amazon.com/dp/031631031X
1604338105,https://www.amazon.com/dp/1604338105
0735220697,https://www.amazon.com/dp/0735220697
0451481089,https://www.amazon.com/dp/0451481089
0316450014,https://www.amazon.com/dp/0316450014
0399592520,https://www.amazon.com/dp/0399592520
0525564454,https://www.amazon.com/dp/0525564454
1641520418,https://www.amazon.com/dp/1641520418
0374201234,https://www.amazon.com/dp/0374201234
0553448145,https://www.amazon.com/dp/0553448145
1641520906,https://www.amazon.com/dp/1641520906
0062883127,https://www.amazon.com/dp/0062883127
1640303642,https://www.amazon.com/dp/1640303642
1432127772,https://www.amazon.com/dp/1432127772
0525574689,https://www.amazon.com/dp/0525574689
1524790826,https://www.amazon.com/dp/1524790826
1847941842,https://www.amazon.com/dp/1847941842
1732557101,https://www.amazon.com/dp/1732557101
1452178593,https://www.amazon.com/dp/1452178593
1426220154,https://www.amazon.com/dp/1426220154
0425285936,https://www.amazon.com/dp/0425285936
1680524135,https://www.amazon.com/dp/1680524135
1535935693,https://www.amazon.com/dp/1535935693
0785225773,https://www.amazon.com/dp/0785225773
0062279165,https://www.amazon.com/dp/0062279165
1535935022,https://www.amazon.com/dp/1535935022
0310765250,https://www.amazon.com/dp/0310765250
1462791824,https://www.amazon.com/dp/1462791824
1538714620,https://www.amazon.com/dp/1538714620
1338322966,https://www.amazon.com/dp/1338322966
168052318X,https://www.amazon.com/dp/168052318X
1641522518,https://www.amazon.com/dp/1641522518
938777970X,https://www.amazon.com/dp/938777970X
1525823566,https://www.amazon.com/dp/1525823566
1680524933,https://www.amazon.com/dp/1680524933
1680523716,https://www.amazon.com/dp/1680523716
1538732181,https://www.amazon.com/dp/1538732181
1338353136,https://www.amazon.com/dp/1338353136
0545852501,https://www.amazon.com/dp/0545852501
1945796065,https://www.amazon.com/dp/1945796065
1544512279,https://www.amazon.com/dp/1544512279
1680524046,https://www.amazon.com/dp/1680524046
1641522410,https://www.amazon.com/dp/1641522410
0692914374,https://www.amazon.com/dp/0692914374
9388144295,https://www.amazon.com/dp/9388144295
1452174792,https://www.amazon.com/dp/1452174792
0486832945,https://www.amazon.com/dp/0486832945
1503735990,https://www.amazon.com/dp/1503735990
9388144201,https://www.amazon.com/dp/9388144201
1452174032,https://www.amazon.com/dp/1452174032
1338344056,https://www.amazon.com/dp/1338344056
1524797677,https://www.amazon.com/dp/1524797677
0545791421,https://www.amazon.com/dp/0545791421
1536201375,https://www.amazon.com/dp/1536201375
0593123999,https://www.amazon.com/dp/0593123999
1641522828,https://www.amazon.com/dp/1641522828
1684376564,https://www.amazon.com/dp/1684376564
1631066471,https://www.amazon.com/dp/1631066471
1501169718,https://www.amazon.com/dp/1501169718
1684033888,https://www.amazon.com/dp/1684033888
1250235375,https://www.amazon.com/dp/1250235375
1635783011,https://www.amazon.com/dp/1635783011
1419739034,https://www.amazon.com/dp/1419739034
172019386X,https://www.amazon.com/dp/172019386X
1523506237,https://www.amazon.com/dp/1523506237
0310453429,https://www.amazon.com/dp/0310453429
1559930063,https://www.amazon.com/dp/1559930063
1641523697,https://www.amazon.com/dp/1641523697
1091074690,https://www.amazon.com/dp/1091074690
B0030H0XSO,https://www.amazon.com/dp/B0030H0XSO
B07G4TW59B,https://www.amazon.com/dp/B07G4TW59B
1432130773,https://www.amazon.com/dp/1432130773
1974710025,https://www.amazon.com/dp/1974710025
1641524243,https://www.amazon.com/dp/1641524243
1642690406,https://www.amazon.com/dp/1642690406
1338598899,https://www.amazon.com/dp/1338598899
1419741993,https://www.amazon.com/dp/1419741993
1465492410,https://www.amazon.com/dp/1465492410
1076038522,https://www.amazon.com/dp/1076038522
1426220952,https://www.amazon.com/dp/1426220952
1641525258,https://www.amazon.com/dp/1641525258
1571988459,https://www.amazon.com/dp/1571988459
1085819019,https://www.amazon.com/dp/1085819019
0525559272,https://www.amazon.com/dp/0525559272
1101904216,https://www.amazon.com/dp/1101904216
B0051XV5Y6,https://www.amazon.com/dp/B0051XV5Y6
0785230386,https://www.amazon.com/dp/0785230386
1951025083,https://www.amazon.com/dp/1951025083
1646081498,https://www.amazon.com/dp/1646081498
1419741969,https://www.amazon.com/dp/1419741969
1419741985,https://www.amazon.com/dp/1419741985
1419741950,https://www.amazon.com/dp/1419741950
1419741977,https://www.amazon.com/dp/1419741977
0316479268,https://www.amazon.com/dp/0316479268
1646040023,https://www.amazon.com/dp/1646040023
1728205484,https://www.amazon.com/dp/1728205484
014311137X,https://www.amazon.com/dp/014311137X
1590035003,https://www.amazon.com/dp/1590035003
1645580601,https://www.amazon.com/dp/1645580601
1645580342,https://www.amazon.com/dp/1645580342
1645580377,https://www.amazon.com/dp/1645580377
1506715222,https://www.amazon.com/dp/1506715222
0998063614,https://www.amazon.com/dp/0998063614
0062820184,https://www.amazon.com/dp/0062820184
1732596379,https://www.amazon.com/dp/1732596379
195050025X,https://www.amazon.com/dp/195050025X
1913485064,https://www.amazon.com/dp/1913485064
0735213615,https://www.amazon.com/dp/0735213615
1700809768,https://www.amazon.com/dp/1700809768
1536210668,https://www.amazon.com/dp/1536210668
164611194X,https://www.amazon.com/dp/164611194X
1680528580,https://www.amazon.com/dp/1680528580
1087852714,https://www.amazon.com/dp/1087852714
1948209861,https://www.amazon.com/dp/1948209861
0785233601,https://www.amazon.com/dp/0785233601
1674844468,https://www.amazon.com/dp/1674844468
0307279286,https://www.amazon.com/dp/0307279286
1646111451,https://www.amazon.com/dp/1646111451
1643525468,https://www.amazon.com/dp/1643525468
0425285960,https://www.amazon.com/dp/0425285960
1503752364,https://www.amazon.com/dp/1503752364
1250776635,https://www.amazon.com/dp/1250776635
0735225311,https://www.amazon.com/dp/0735225311
1984826964,https://www.amazon.com/dp/1984826964
0804187061,https://www.amazon.com/dp/0804187061
1534474935,https://www.amazon.com/dp/1534474935
1419748688,https://www.amazon.com/dp/1419748688
1503752828,https://www.amazon.com/dp/1503752828
1984823914,https://www.amazon.com/dp/1984823914
1947569511,https://www.amazon.com/dp/1947569511
194756949X,https://www.amazon.com/dp/194756949X
1947569481,https://www.amazon.com/dp/1947569481
1950968227,https://www.amazon.com/dp/1950968227
1335430997,https://www.amazon.com/dp/1335430997
1982159375,https://www.amazon.com/dp/1982159375
164845044X,https://www.amazon.com/dp/164845044X
1338344218,https://www.amazon.com/dp/1338344218
1948209934,https://www.amazon.com/dp/1948209934
0525559477,https://www.amazon.com/dp/0525559477
1635576318,https://www.amazon.com/dp/1635576318
1784984744,https://www.amazon.com/dp/1784984744
1646117018,https://www.amazon.com/dp/1646117018
0399563261,https://www.amazon.com/dp/0399563261
1984800841,https://www.amazon.com/dp/1984800841
059323166X,https://www.amazon.com/dp/059323166X
078523392X,https://www.amazon.com/dp/078523392X
1680106627,https://www.amazon.com/dp/1680106627
1982160276,https://www.amazon.com/dp/1982160276
0578644053,https://www.amazon.com/dp/0578644053
0310517974,https://www.amazon.com/dp/0310517974
1645580350,https://www.amazon.com/dp/1645580350
1646110986,https://www.amazon.com/dp/1646110986
1644548119,https://www.amazon.com/dp/1644548119
1645093190,https://www.amazon.com/dp/1645093190
0993174396,https://www.amazon.com/dp/0993174396
B0892HRS76,https://www.amazon.com/dp/B0892HRS76
B088JC7LWY,https://www.amazon.com/dp/B088JC7LWY
1628854898,https://www.amazon.com/dp/1628854898
1646113411,https://www.amazon.com/dp/1646113411
1728222958,https://www.amazon.com/dp/1728222958
0593196791,https://www.amazon.com/dp/0593196791
0593189485,https://www.amazon.com/dp/0593189485
1789478839,https://www.amazon.com/dp/1789478839
B0875XG26Q,https://www.amazon.com/dp/B0875XG26Q
1338740261,https://www.amazon.com/dp/1338740261
1662650426,https://www.amazon.com/dp/1662650426
1982165316,https://www.amazon.com/dp/1982165316
1984896393,https://www.amazon.com/dp/1984896393
1538754231,https://www.amazon.com/dp/1538754231
195096826X,https://www.amazon.com/dp/195096826X
198213190X,https://www.amazon.com/dp/198213190X
1496445457,https://www.amazon.com/dp/1496445457
1789478863,https://www.amazon.com/dp/1789478863
133874108X,https://www.amazon.com/dp/133874108X
1338741071,https://www.amazon.com/dp/1338741071
1523513012,https://www.amazon.com/dp/1523513012
148386006X,https://www.amazon.com/dp/148386006X
0593138767,https://www.amazon.com/dp/0593138767
0593196996,https://www.amazon.com/dp/0593196996
0358412242,https://www.amazon.com/dp/0358412242
031045526X,https://www.amazon.com/dp/031045526X
164558500X,https://www.amazon.com/dp/164558500X
1728210291,https://www.amazon.com/dp/1728210291
0789214040,https://www.amazon.com/dp/0789214040
0063092093,https://www.amazon.com/dp/0063092093
1647392373,https://www.amazon.com/dp/1647392373
1680106686,https://www.amazon.com/dp/1680106686
0062937650,https://www.amazon.com/dp/0062937650
078524722X,https://www.amazon.com/dp/078524722X
1728209358,https://www.amazon.com/dp/1728209358
074324754X,https://www.amazon.com/dp/074324754X
0759555400,https://www.amazon.com/dp/0759555400
1647398797,https://www.amazon.com/dp/1647398797
0998037419,https://www.amazon.com/dp/0998037419
0310362725,https://www.amazon.com/dp/0310362725
1433691957,https://www.amazon.com/dp/1433691957
1646380932,https://www.amazon.com/dp/1646380932
1647398703,https://www.amazon.com/dp/1647398703
0593192095,https://www.amazon.com/dp/0593192095
1400213096,https://www.amazon.com/dp/1400213096
0063111314,https://www.amazon.com/dp/0063111314
1523510439,https://www.amazon.com/dp/1523510439
1635577802,https://www.amazon.com/dp/1635577802
1501160842,https://www.amazon.com/dp/1501160842
1682815668,https://www.amazon.com/dp/1682815668
1542023343,https://www.amazon.com/dp/1542023343
1797213717,https://www.amazon.com/dp/1797213717
0593336828,https://www.amazon.com/dp/0593336828
1250259533,https://www.amazon.com/dp/1250259533
1950968235,https://www.amazon.com/dp/1950968235
1952842239,https://www.amazon.com/dp/1952842239
1536214353,https://www.amazon.com/dp/1536214353
0063045400,https://www.amazon.com/dp/0063045400
1621457311,https://www.amazon.com/dp/1621457311
1797204297,https://www.amazon.com/dp/1797204297
0593379330,https://www.amazon.com/dp/0593379330
0735219109,https://www.amazon.com/dp/0735219109
0593380835,https://www.amazon.com/dp/0593380835
1546000429,https://www.amazon.com/dp/1546000429
1954839243,https://www.amazon.com/dp/1954839243
1338790927,https://www.amazon.com/dp/1338790927
1496736982,https://www.amazon.com/dp/1496736982
B08XLLF3PG,https://www.amazon.com/dp/B08XLLF3PG
0593432428,https://www.amazon.com/dp/0593432428
0593232550,https://www.amazon.com/dp/0593232550
1400215587,https://www.amazon.com/dp/1400215587
0358653037,https://www.amazon.com/dp/0358653037
1338730851,https://www.amazon.com/dp/1338730851
1338804723,https://www.amazon.com/dp/1338804723
1338801899,https://www.amazon.com/dp/1338801899
1952568110,https://www.amazon.com/dp/1952568110
1952568099,https://www.amazon.com/dp/1952568099
1952568137,https://www.amazon.com/dp/1952568137
1250788455,https://www.amazon.com/dp/1250788455
1260474186,https://www.amazon.com/dp/1260474186
1338801880,https://www.amazon.com/dp/1338801880
1648766544,https://www.amazon.com/dp/1648766544
059319148X,https://www.amazon.com/dp/059319148X
1433580756,https://www.amazon.com/dp/1433580756
1400228530,https://www.amazon.com/dp/1400228530
1496458087,https://www.amazon.com/dp/1496458087
031631062X,https://www.amazon.com/dp/031631062X
0316327336,https://www.amazon.com/dp/0316327336
1736894706,https://www.amazon.com/dp/1736894706
1368024130,https://www.amazon.com/dp/1368024130
0399592555,https://www.amazon.com/dp/0399592555
1684058414,https://www.amazon.com/dp/1684058414
0316312487,https://www.amazon.com/dp/0316312487
198214968X,https://www.amazon.com/dp/198214968X
1638788316,https://www.amazon.com/dp/1638788316
151076917X,https://www.amazon.com/dp/151076917X
1982179414,https://www.amazon.com/dp/1982179414
1616499605,https://www.amazon.com/dp/1616499605
1524871346,https://www.amazon.com/dp/1524871346
0593334833,https://www.amazon.com/dp/0593334833
1523515902,https://www.amazon.com/dp/1523515902
1538704374,https://www.amazon.com/dp/1538704374
1523515643,https://www.amazon.com/dp/1523515643
1250849357,https://www.amazon.com/dp/1250849357
0593534328,https://www.amazon.com/dp/0593534328
1948174987,https://www.amazon.com/dp/1948174987
1250266122,https://www.amazon.com/dp/1250266122
1250847443,https://www.amazon.com/dp/1250847443
B09DJG2LWK,https://www.amazon.com/dp/B09DJG2LWK
0890425760,https://www.amazon.com/dp/0890425760
1645587274,https://www.amazon.com/dp/1645587274
B09FS58C2L,https://www.amazon.com/dp/B09FS58C2L
0593438531,https://www.amazon.com/dp/0593438531
0310145155,https://www.amazon.com/dp/0310145155
1432134159,https://www.amazon.com/dp/1432134159
1951806409,https://www.amazon.com/dp/1951806409
1735770833,https://www.amazon.com/dp/1735770833
1646384210,https://www.amazon.com/dp/1646384210
1496731115,https://www.amazon.com/dp/1496731115
1982185821,https://www.amazon.com/dp/1982185821
153446588X,https://www.amazon.com/dp/153446588X
1538752840,https://www.amazon.com/dp/1538752840
1951696077,https://www.amazon.com/dp/1951696077
1638783616,https://www.amazon.com/dp/1638783616
1400236169,https://www.amazon.com/dp/1400236169
0399590528,https://www.amazon.com/dp/0399590528
031610518X,https://www.amazon.com/dp/031610518X
059343935X,https://www.amazon.com/dp/059343935X
163878065X,https://www.amazon.com/dp/163878065X
1638780412,https://www.amazon.com/dp/1638780412
1523518561,https://www.amazon.com/dp/1523518561
1646386515,https://www.amazon.com/dp/1646386515
164638086X,https://www.amazon.com/dp/164638086X
0800740297,https://www.amazon.com/dp/0800740297
054579143X,https://www.amazon.com/dp/054579143X
B09QFM8FCY,https://www.amazon.com/dp/B09QFM8FCY
194563183X,https://www.amazon.com/dp/194563183X
1957635010,https://www.amazon.com/dp/1957635010
1250858232,https://www.amazon.com/dp/1250858232
0593523768,https://www.amazon.com/dp/0593523768
0593644964,https://www.amazon.com/dp/0593644964
1668001225,https://www.amazon.com/dp/1668001225
0063256193,https://www.amazon.com/dp/0063256193
1426222335,https://www.amazon.com/dp/1426222335
1538728605,https://www.amazon.com/dp/1538728605
B09T346F9T,https://www.amazon.com/dp/B09T346F9T
1646385977,https://www.amazon.com/dp/1646385977
1685390749,https://www.amazon.com/dp/1685390749
173548153X,https://www.amazon.com/dp/173548153X
B09TN6CZH5,https://www.amazon.com/dp/B09TN6CZH5
1538706792,https://www.amazon.com/dp/1538706792
1338846620,https://www.amazon.com/dp/1338846620
0877790957,https://www.amazon.com/dp/0877790957
1638073899,https://www.amazon.com/dp/1638073899
195096888X,https://www.amazon.com/dp/195096888X
1984822780,https://www.amazon.com/dp/1984822780
0877795959,https://www.amazon.com/dp/0877795959
0063280779,https://www.amazon.com/dp/0063280779
1774260131,https://www.amazon.com/dp/1774260131
031036535X,https://www.amazon.com/dp/031036535X
1496742710,https://www.amazon.com/dp/1496742710
1665924985,https://www.amazon.com/dp/1665924985
1338730894,https://www.amazon.com/dp/1338730894
1250268400,https://www.amazon.com/dp/1250268400
163807951X,https://www.amazon.com/dp/163807951X
1728260310,https://www.amazon.com/dp/1728260310
B09ZCTWDH8,https://www.amazon.com/dp/B09ZCTWDH8
140024255X,https://www.amazon.com/dp/140024255X
1400333598,https://www.amazon.com/dp/1400333598
173577085X,https://www.amazon.com/dp/173577085X
0593435494,https://www.amazon.com/dp/0593435494
1984881019,https://www.amazon.com/dp/1984881019
059342297X,https://www.amazon.com/dp/059342297X
195411821X,https://www.amazon.com/dp/195411821X
1510774734,https://www.amazon.com/dp/1510774734
1728253136,https://www.amazon.com/dp/1728253136
B0B3W4HNKC,https://www.amazon.com/dp/B0B3W4HNKC
0385534264,https://www.amazon.com/dp/0385534264
059365840X,https://www.amazon.com/dp/059365840X
0306846969,https://www.amazon.com/dp/0306846969
133887893X,https://www.amazon.com/dp/133887893X
1538704390,https://www.amazon.com/dp/1538704390
076248229X,https://www.amazon.com/dp/076248229X
1250819350,https://www.amazon.com/dp/1250819350
1728274893,https://www.amazon.com/dp/1728274893
1639382070,https://www.amazon.com/dp/1639382070
1728274877,https://www.amazon.com/dp/1728274877
1639382305,https://www.amazon.com/dp/1639382305
1728274885,https://www.amazon.com/dp/1728274885
0593566718,https://www.amazon.com/dp/0593566718
B0BDGPSXNH,https://www.amazon.com/dp/B0BDGPSXNH
0063243679,https://www.amazon.com/dp/0063243679
1524746746,https://www.amazon.com/dp/1524746746
0989711676,https://www.amazon.com/dp/0989711676
1523517352,https://www.amazon.com/dp/1523517352
0593579496,https://www.amazon.com/dp/0593579496
164845089X,https://www.amazon.com/dp/164845089X
0063204215,https://www.amazon.com/dp/0063204215
1728282136,https://www.amazon.com/dp/1728282136
1728271177,https://www.amazon.com/dp/1728271177
0744080045,https://www.amazon.com/dp/0744080045
1523517360,https://www.amazon.com/dp/1523517360
B0BLGJV5BR,https://www.amazon.com/dp/B0BLGJV5BR
1952842840,https://www.amazon.com/dp/1952842840
143359045X,https://www.amazon.com/dp/143359045X
0744076773,https://www.amazon.com/dp/0744076773
B0BNGRZC4Z,https://www.amazon.com/dp/B0BNGRZC4Z
1728276381,https://www.amazon.com/dp/1728276381
B0BP4L925X,https://www.amazon.com/dp/B0BP4L925X
0062820176,https://www.amazon.com/dp/0062820176
1728276225,https://www.amazon.com/dp/1728276225
0744084962,https://www.amazon.com/dp/0744084962
1339013983,https://www.amazon.com/dp/1339013983
6075694129,https://www.amazon.com/dp/6075694129
1984898957,https://www.amazon.com/dp/1984898957
1339016575,https://www.amazon.com/dp/1339016575
B0BRDJRDLW,https://www.amazon.com/dp/B0BRDJRDLW
B0BRJ2DSKJ,https://www.amazon.com/dp/B0BRJ2DSKJ
B09QP698F3,https://www.amazon.com/dp/B09QP698F3
1728276411,https://www.amazon.com/dp/1728276411
1250892325,https://www.amazon.com/dp/1250892325
0762482893,https://www.amazon.com/dp/0762482893
0316566748,https://www.amazon.com/dp/0316566748
0316556610,https://www.amazon.com/dp/0316556610
0316312711,https://www.amazon.com/dp/0316312711
1649374178,https://www.amazon.com/dp/1649374178
1960053019,https://www.amazon.com/dp/1960053019
1984862073,https://www.amazon.com/dp/1984862073
1837991014,https://www.amazon.com/dp/1837991014
0593435710,https://www.amazon.com/dp/0593435710
059343580X,https://www.amazon.com/dp/059343580X
B0BVHJ46KV,https://www.amazon.com/dp/B0BVHJ46KV
0063021439,https://www.amazon.com/dp/0063021439
1338896393,https://www.amazon.com/dp/1338896393
1728297087,https://www.amazon.com/dp/1728297087
1338730924,https://www.amazon.com/dp/1338730924
1662514174,https://www.amazon.com/dp/1662514174
1250866901,https://www.amazon.com/dp/1250866901
1646385039,https://www.amazon.com/dp/1646385039
B0C4XW16QN,https://www.amazon.com/dp/B0C4XW16QN
B0C6C15SLR,https://www.amazon.com/dp/B0C6C15SLR
B0C6BQX34H,https://www.amazon.com/dp/B0C6BQX34H
0593690346,https://www.amazon.com/dp/0593690346
B0C7F93KZB,https://www.amazon.com/dp/B0C7F93KZB
0593550404,https://www.amazon.com/dp/0593550404
1400338611,https://www.amazon.com/dp/1400338611
195880357X,https://www.amazon.com/dp/195880357X
1510779876,https://www.amazon.com/dp/1510779876
0593536134,https://www.amazon.com/dp/0593536134
0310161703,https://www.amazon.com/dp/0310161703
3963267755,https://www.amazon.com/dp/3963267755
0385348746,https://www.amazon.com/dp/0385348746
1739433009,https://www.amazon.com/dp/1739433009
1538704439,https://www.amazon.com/dp/1538704439
1954210876,https://www.amazon.com/dp/1954210876
1956397043,https://www.amazon.com/dp/1956397043
0762486368,https://www.amazon.com/dp/0762486368
0063314002,https://www.amazon.com/dp/0063314002
0008610673,https://www.amazon.com/dp/0008610673
0593690222,https://www.amazon.com/dp/0593690222
1984878123,https://www.amazon.com/dp/1984878123
B0CJ6BGDDJ,https://www.amazon.com/dp/B0CJ6BGDDJ
1464220816,https://www.amazon.com/dp/1464220816
0063203871,https://www.amazon.com/dp/0063203871
1496484770,https://www.amazon.com/dp/1496484770
166802747X,https://www.amazon.com/dp/166802747X
0593418913,https://www.amazon.com/dp/0593418913
1774470381,https://www.amazon.com/dp/1774470381
B0CLHB1QJ3,https://www.amazon.com/dp/B0CLHB1QJ3
B0CLJFC7X8,https://www.amazon.com/dp/B0CLJFC7X8
1982141182,https://www.amazon.com/dp/1982141182
1638931739,https://www.amazon.com/dp/1638931739
0063388464,https://www.amazon.com/dp/0063388464
B0CLS4XDQ7,https://www.amazon.com/dp/B0CLS4XDQ7
0593601882,https://www.amazon.com/dp/0593601882
0008641587,https://www.amazon.com/dp/0008641587
1506295266,https://www.amazon.com/dp/1506295266
196005306X,https://www.amazon.com/dp/196005306X
0593441192,https://www.amazon.com/dp/0593441192
1368092209,https://www.amazon.com/dp/1368092209
1923108271,https://www.amazon.com/dp/1923108271
1536237639,https://www.amazon.com/dp/1536237639
0593328930,https://www.amazon.com/dp/0593328930
1250319188,https://www.amazon.com/dp/1250319188
1805318853,https://www.amazon.com/dp/1805318853
1800922299,https://www.amazon.com/dp/1800922299
0425285995,https://www.amazon.com/dp/0425285995
1958803898,https://www.amazon.com/dp/1958803898
0063399784,https://www.amazon.com/dp/0063399784
B0CSXHCVYT,https://www.amazon.com/dp/B0CSXHCVYT
141977378X,https://www.amazon.com/dp/141977378X
1665921242,https://www.amazon.com/dp/1665921242
0760391416,https://www.amazon.com/dp/0760391416
1665954760,https://www.amazon.com/dp/1665954760
059368995X,https://www.amazon.com/dp/059368995X
059318324X,https://www.amazon.com/dp/059318324X
0593648048,https://www.amazon.com/dp/0593648048
0593896548,https://www.amazon.com/dp/0593896548
1464227292,https://www.amazon.com/dp/1464227292
1433593483,https://www.amazon.com/dp/1433593483
0593799895,https://www.amazon.com/dp/0593799895
0316581712,https://www.amazon.com/dp/0316581712
1399712896,https://www.amazon.com/dp/1399712896
1735503797,https://www.amazon.com/dp/1735503797
1668072246,https://www.amazon.com/dp/1668072246
0593466497,https://www.amazon.com/dp/0593466497
1984863169,https://www.amazon.com/dp/1984863169
1984898450,https://www.amazon.com/dp/1984898450
1464220824,https://www.amazon.com/dp/1464220824
B0CYCJKDR7,https://www.amazon.com/dp/B0CYCJKDR7
059372318X,https://www.amazon.com/dp/059372318X
B0CY4L2Q5Q,https://www.amazon.com/dp/B0CY4L2Q5Q
0316582557,https://www.amazon.com/dp/0316582557
1400249058,https://www.amazon.com/dp/1400249058
1646222385,https://www.amazon.com/dp/1646222385
1639385800,https://www.amazon.com/dp/1639385800
B0CZPQN8HY,https://www.amazon.com/dp/B0CZPQN8HY
1961737248,https://www.amazon.com/dp/1961737248
1538772167,https://www.amazon.com/dp/1538772167
1464225796,https://www.amazon.com/dp/1464225796
1538772140,https://www.amazon.com/dp/1538772140
1250866928,https://www.amazon.com/dp/1250866928
1916926258,https://www.amazon.com/dp/1916926258
1250869544,https://www.amazon.com/dp/1250869544
1401967639,https://www.amazon.com/dp/1401967639
125088005X,https://www.amazon.com/dp/125088005X
0593690117,https://www.amazon.com/dp/0593690117
0593897617,https://www.amazon.com/dp/0593897617
1250320526,https://www.amazon.com/dp/1250320526
B0D47SKF19,https://www.amazon.com/dp/B0D47SKF19
0593804147,https://www.amazon.com/dp/0593804147
166803798X,https://www.amazon.com/dp/166803798X
1728289769,https://www.amazon.com/dp/1728289769
0593243757,https://www.amazon.com/dp/0593243757
1974752690,https://www.amazon.com/dp/1974752690
1464238863,https://www.amazon.com/dp/1464238863
0593701844,https://www.amazon.com/dp/0593701844
B0D6LD3K56,https://www.amazon.com/dp/B0D6LD3K56
1668075083,https://www.amazon.com/dp/1668075083
1464239959,https://www.amazon.com/dp/1464239959
1546008152,https://www.amazon.com/dp/1546008152
0593886453,https://www.amazon.com/dp/0593886453
0593616677,https://www.amazon.com/dp/0593616677
0593842650,https://www.amazon.com/dp/0593842650
0008713340,https://www.amazon.com/dp/0008713340
B0D9PLJ5KZ,https://www.amazon.com/dp/B0D9PLJ5KZ
0310369061,https://www.amazon.com/dp/0310369061
0593799186,https://www.amazon.com/dp/0593799186
B0DB8QL3ZK,https://www.amazon.com/dp/B0DB8QL3ZK
195421099X,https://www.amazon.com/dp/195421099X
0593685776,https://www.amazon.com/dp/0593685776
1961641224,https://www.amazon.com/dp/1961641224
1538770806,https://www.amazon.com/dp/1538770806
1538742055,https://www.amazon.com/dp/1538742055
1368098266,https://www.amazon.com/dp/1368098266
1546178775,https://www.amazon.com/dp/1546178775
1951806514,https://www.amazon.com/dp/1951806514
B0DDJN2N4R,https://www.amazon.com/dp/B0DDJN2N4R
0593809904,https://www.amazon.com/dp/0593809904
0593441214,https://www.amazon.com/dp/0593441214
0744097606,https://www.amazon.com/dp/0744097606
B0DF33B1YG,https://www.amazon.com/dp/B0DF33B1YG
B0DF33DSNF,https://www.amazon.com/dp/B0DF33DSNF
0316582700,https://www.amazon.com/dp/0316582700
0063442469,https://www.amazon.com/dp/0063442469
006344397X,https://www.amazon.com/dp/006344397X
B0DCZN17W9,https://www.amazon.com/dp/B0DCZN17W9
031666944X,https://www.amazon.com/dp/031666944X
0593655087,https://www.amazon.com/dp/0593655087
B0DG362HJH,https://www.amazon.com/dp/B0DG362HJH
B0DG8ZWNPB,https://www.amazon.com/dp/B0DG8ZWNPB
B0D9KNGKKD,https://www.amazon.com/dp/B0D9KNGKKD
1963183401,https://www.amazon.com/dp/1963183401
006343315X,https://www.amazon.com/dp/006343315X
B0DGS9GF6Z,https://www.amazon.com/dp/B0DGS9GF6Z
0525561722,https://www.amazon.com/dp/0525561722
B0DGY5F5JX,https://www.amazon.com/dp/B0DGY5F5JX
0593518330,https://www.amazon.com/dp/0593518330
B0DJ27336M,https://www.amazon.com/dp/B0DJ27336M
1400253047,https://www.amazon.com/dp/1400253047
B0DJ8KQRQN,https://www.amazon.com/dp/B0DJ8KQRQN
1538768461,https://www.amazon.com/dp/1538768461
059383187X,https://www.amazon.com/dp/059383187X
1538772779,https://www.amazon.com/dp/1538772779
B0DHW4F3CS,https://www.amazon.com/dp/B0DHW4F3CS
1974754936,https://www.amazon.com/dp/1974754936
1974755592,https://www.amazon.com/dp/1974755592
166597107X,https://www.amazon.com/dp/166597107X
1774470403,https://www.amazon.com/dp/1774470403
0063244756,https://www.amazon.com/dp/0063244756
059397705X,https://www.amazon.com/dp/059397705X
0593854284,https://www.amazon.com/dp/0593854284
1668063603,https://www.amazon.com/dp/1668063603
B0DF4R4HGV,https://www.amazon.com/dp/B0DF4R4HGV
B0DJWKNBNG,https://www.amazon.com/dp/B0DJWKNBNG
B0DK237X8F,https://www.amazon.com/dp/B0DK237X8F
1960053094,https://www.amazon.com/dp/1960053094
0593958640,https://www.amazon.com/dp/0593958640
059395601X,https://www.amazon.com/dp/059395601X
0593955994,https://www.amazon.com/dp/0593955994
B0DKTMJ1KC,https://www.amazon.com/dp/B0DKTMJ1KC
B0DL8RNWBF,https://www.amazon.com/dp/B0DL8RNWBF
0593657500,https://www.amazon.com/dp/0593657500
1496741501,https://www.amazon.com/dp/1496741501
1250223229,https://www.amazon.com/dp/1250223229
1400252539,https://www.amazon.com/dp/1400252539
B0DLV3TNWK,https://www.amazon.com/dp/B0DLV3TNWK
1578052467,https://www.amazon.com/dp/1578052467
1644254980,https://www.amazon.com/dp/1644254980
1957590424,https://www.amazon.com/dp/1957590424
0316591513,https://www.amazon.com/dp/0316591513
0063336774,https://www.amazon.com/dp/0063336774
1965857876,https://www.amazon.com/dp/1965857876
1648451306,https://www.amazon.com/dp/1648451306
0063446243,https://www.amazon.com/dp/0063446243
1426224125,https://www.amazon.com/dp/1426224125
140025468X,https://www.amazon.com/dp/140025468X
1338891820,https://www.amazon.com/dp/1338891820
1916926584,https://www.amazon.com/dp/1916926584
0063378582,https://www.amazon.com/dp/0063378582
1250409241,https://www.amazon.com/dp/1250409241
0764244140,https://www.amazon.com/dp/0764244140
0593850637,https://www.amazon.com/dp/0593850637
B0DS7F29R8,https://www.amazon.com/dp/B0DS7F29R8
0063424401,https://www.amazon.com/dp/0063424401
0593314484,https://www.amazon.com/dp/0593314484
1464223335,https://www.amazon.com/dp/1464223335
1524896373,https://www.amazon.com/dp/1524896373
1524896640,https://www.amazon.com/dp/1524896640
0593540980,https://www.amazon.com/dp/0593540980
1524898422,https://www.amazon.com/dp/1524898422
1464235449,https://www.amazon.com/dp/1464235449
0593729579,https://www.amazon.com/dp/0593729579
1524897582,https://www.amazon.com/dp/1524897582
1524897825,https://www.amazon.com/dp/1524897825
1631496085,https://www.amazon.com/dp/1631496085
1464236747,https://www.amazon.com/dp/1464236747
B0DTYY7LKZ,https://www.amazon.com/dp/B0DTYY7LKZ
1250391237,https://www.amazon.com/dp/1250391237
1668045877,https://www.amazon.com/dp/1668045877
1665947144,https://www.amazon.com/dp/1665947144
1665956518,https://www.amazon.com/dp/1665956518
1524898139,https://www.amazon.com/dp/1524898139
1954118961,https://www.amazon.com/dp/1954118961
1668014904,https://www.amazon.com/dp/1668014904
1324106034,https://www.amazon.com/dp/1324106034
1524896608,https://www.amazon.com/dp/1524896608
1974758907,https://www.amazon.com/dp/1974758907
1665921269,https://www.amazon.com/dp/1665921269
1524896632,https://www.amazon.com/dp/1524896632
1974759180,https://www.amazon.com/dp/1974759180
1523530596,https://www.amazon.com/dp/1523530596
B0DVLPZJ48,https://www.amazon.com/dp/B0DVLPZJ48
0593800788,https://www.amazon.com/dp/0593800788
0593490177,https://www.amazon.com/dp/0593490177
B0DVQ5ZH66,https://www.amazon.com/dp/B0DVQ5ZH66
1524897809,https://www.amazon.com/dp/1524897809
B0DW9CD6YS,https://www.amazon.com/dp/B0DW9CD6YS
0736992014,https://www.amazon.com/dp/0736992014
B0DVBG7KSR,https://www.amazon.com/dp/B0DVBG7KSR
1538758431,https://www.amazon.com/dp/1538758431
1639736050,https://www.amazon.com/dp/1639736050
1524747718,https://www.amazon.com/dp/1524747718
1250277582,https://www.amazon.com/dp/1250277582
166808368X,https://www.amazon.com/dp/166808368X
1523531150,https://www.amazon.com/dp/1523531150
0062644696,https://www.amazon.com/dp/0062644696
1464220840,https://www.amazon.com/dp/1464220840
052565867X,https://www.amazon.com/dp/052565867X
1538777800,https://www.amazon.com/dp/1538777800
1668098997,https://www.amazon.com/dp/1668098997
0593498828,https://www.amazon.com/dp/0593498828
1464247609,https://www.amazon.com/dp/1464247609
136810911X,https://www.amazon.com/dp/136810911X
0593952588,https://www.amazon.com/dp/0593952588
B0DY7YBDXF,https://www.amazon.com/dp/B0DY7YBDXF
1538773961,https://www.amazon.com/dp/1538773961
031659122X,https://www.amazon.com/dp/031659122X
B0DYC97T9T,https://www.amazon.com/dp/B0DYC97T9T
1668099926,https://www.amazon.com/dp/1668099926
1963183541,https://www.amazon.com/dp/1963183541
0316595640,https://www.amazon.com/dp/0316595640
0593306635,https://www.amazon.com/dp/0593306635
B0F1F52XLH,https://www.amazon.com/dp/B0F1F52XLH
0310177871,https://www.amazon.com/dp/0310177871
1464259232,https://www.amazon.com/dp/1464259232
1668208806,https://www.amazon.com/dp/1668208806
0310369371,https://www.amazon.com/dp/0310369371
0593191730,https://www.amazon.com/dp/0593191730
0593804872,https://www.amazon.com/dp/0593804872
0593798899,https://www.amazon.com/dp/0593798899
1967727015,https://www.amazon.com/dp/1967727015
1594206104,https://www.amazon.com/dp/1594206104
B0F5QV26SH,https://www.amazon.com/dp/B0F5QV26SH
B0F5H97Z51,https://www.amazon.com/dp/B0F5H97Z51
1464252041,https://www.amazon.com/dp/1464252041
0778306267,https://www.amazon.com/dp/0778306267
1668075288,https://www.amazon.com/dp/1668075288
B0FCRW5S4X,https://www.amazon.com/dp/B0FCRW5S4X
0830789057,https://www.amazon.com/dp/0830789057
1368117848,https://www.amazon.com/dp/1368117848
1496758048,https://www.amazon.com/dp/1496758048
1649379293,https://www.amazon.com/dp/1649379293
1649379390,https://www.amazon.com/dp/1649379390
1965857027,https://www.amazon.com/dp/1965857027
B0DJGCZBQ8,https://www.amazon.com/dp/B0DJGCZBQ8
1965857108,https://www.amazon.com/dp/1965857108
B0FFSQHMZ6,https://www.amazon.com/dp/B0FFSQHMZ6
B0FJ8C27GQ,https://www.amazon.com/dp/B0FJ8C27GQ
1464249628,https://www.amazon.com/dp/1464249628
B0FKB8VFRJ,https://www.amazon.com/dp/B0FKB8VFRJ
0593418921,https://www.amazon.com/dp/0593418921
B0FM7GDHX5,https://www.amazon.com/dp/B0FM7GDHX5
B0FNMP7R17,https://www.amazon.com/dp/B0FNMP7R17
1682816753,https://www.amazon.com/dp/1682816753
B0FPKDSGWN,https://www.amazon.com/dp/B0FPKDSGWN
1682816745,https://www.amazon.com/dp/1682816745
B0FMY44ZPW,https://www.amazon.com/dp/B0FMY44ZPW
0913866687,https://www.amazon.com/dp/0913866687
B0G48V1JJ2,https://www.amazon.com/dp/B0G48V1JJ2
1635826128,https://www.amazon.com/dp/1635826128
0999417355,https://www.amazon.com/dp/0999417355
B0GDMWHTVC,https://www.amazon.com/dp/B0GDMWHTVC
B0GDWQP1XT,https://www.amazon.com/dp/B0GDWQP1XT
B0GF71RG6F,https://www.amazon.com/dp/B0GF71RG6F
1961737582,https://www.amazon.com/dp/1961737582
